loan_id,borrower_name,loan_amount,days_overdue,past_defaults,income_band,payment_consistency,city,recovery_probability,risk_flag,days_overdue_bucket
LN1000,Angel Camacho,141958,45,0,Mid,0.72,South Christopher,48,Medium,31-45
LN1001,Jimmy Davis,157337,0,0,High,0.72,Port Gabriel,74,High Priority,0-15
LN1002,Michelle Riley,298167,30,0,Mid,0.96,Port Stacyshire,66,High Priority,16-30
LN1003,Mary Kelley,219041,0,0,Low,0.67,Morrisshire,56,Medium,0-15
LN1004,Robin Greene,278795,0,0,Low,0.33,New Jamesville,38,Medium,0-15
LN1005,Miguel Whitaker,22747,5,0,Mid,0.44,Port Kimberly,50,Medium,0-15
LN1006,Alyssa Khan,339030,120,0,High,0.78,Amyborough,29,Low Priority,45+
LN1007,Monica Cannon,276840,0,2,High,0.87,North Melissaberg,58,Medium,0-15
LN1008,Frank Tucker,227624,0,0,Low,0.78,West Christineport,61,High Priority,0-15
LN1009,Jacob Lopez,68555,15,0,High,0.48,Bradleyside,56,Medium,0-15
LN1010,Joshua Garcia,220551,45,0,Low,0.7,West Jonathan,39,Medium,31-45
LN1011,Richard Porter,291836,90,1,High,0.93,West Mackenzie,36,Medium,45+
LN1012,Danielle Morgan,445822,60,0,Low,0.33,North Colleenchester,14,Low Priority,45+
LN1013,William Owens,75591,45,1,Mid,0.71,West Elizabethstad,36,Medium,31-45
LN1014,Henry Gonzalez,214776,0,0,Low,0.86,Andrewmouth,65,High Priority,0-15
LN1015,Alex Morris,396896,0,0,Low,0.51,Marcview,48,Medium,0-15
LN1016,Marie Mcclure,199262,45,1,Mid,0.84,Jameston,42,Medium,31-45
LN1017,Tiffany Weiss,320804,60,1,High,0.9,Port Jessica,47,Medium,45+
LN1018,Kristen Smith,491819,5,0,Low,0.53,Peterfort,46,Medium,0-15
LN1019,Daniel Fisher,497867,30,2,Mid,0.38,Mitchellmouth,13,Low Priority,16-30
LN1020,Lisa Perez,492525,45,1,Low,0.48,Port Rebecca,16,Low Priority,31-45
LN1021,Stephanie Mathis,141626,15,0,Low,0.38,Teresaland,35,Medium,0-15
LN1022,Steven Bailey,265310,60,0,Mid,0.79,Richardview,46,Medium,45+
LN1023,Kristen Montes,231428,0,0,Mid,0.46,Lopezmouth,53,Medium,0-15
LN1024,Courtney Thomas,344767,15,1,High,0.74,Port Christinafort,57,Medium,0-15
LN1025,Alexander Alexander,455773,30,2,High,0.43,Gibsonfurt,24,Low Priority,16-30
LN1026,Christopher Cole,462141,60,0,Low,0.55,Pachecoside,26,Low Priority,45+
LN1027,Jennifer Thompson,407261,0,0,Mid,0.87,Scottview,74,High Priority,0-15
LN1028,Christopher Jones,75016,5,0,Mid,0.64,Reyesmouth,60,High Priority,0-15
LN1029,Deborah Hammond,248576,0,0,High,0.53,Collinmouth,64,High Priority,0-15
LN1030,Jeremy Bowman,88840,5,0,Low,0.47,Lake Thomas,44,Medium,0-15
LN1031,April Andrews,85318,15,0,Low,0.33,South Colleen,32,Low Priority,0-15
LN1032,Robert Vance,308880,90,0,Low,0.54,East Robert,13,Low Priority,45+
LN1033,Brett Ellison,337824,0,0,Mid,0.99,Shanefurt,80,High Priority,0-15
LN1034,Ricky Sullivan,214806,30,1,Low,0.81,Hopkinsberg,38,Medium,16-30
LN1035,Michael Beltran,481079,15,3,Low,0.87,Hallview,24,Low Priority,0-15
LN1036,Randy Blair,42671,45,0,Low,0.33,Brianland,20,Low Priority,31-45
LN1037,Stephanie Cooke,331955,5,0,Mid,0.87,East Hollytown,72,High Priority,0-15
LN1038,James Nguyen,162483,30,0,Mid,0.57,Lake Alexhaven,46,Medium,16-30
LN1039,Maureen Edwards,382833,45,1,Mid,0.45,Port Meganland,22,Low Priority,31-45
LN1040,Pamela Mccall,304062,60,0,Mid,0.87,Maryland,50,Medium,45+
LN1041,Jeanette Price DVM,127512,15,0,High,0.98,Adkinsbury,81,High Priority,0-15
LN1042,Caitlin Andrews,303076,60,1,Low,0.54,New Paul,13,Low Priority,45+
LN1043,Taylor Wolf,35151,45,2,Mid,0.92,Jameshaven,34,Low Priority,31-45
LN1044,Brian Carter,442515,0,0,High,0.72,Robertsonland,74,High Priority,0-15
LN1045,Christina Mclaughlin,199426,5,2,High,0.5,Port Samantha,37,Medium,0-15
LN1046,Dana Bowen,303501,15,1,Mid,0.46,Lake Maryfort,35,Medium,0-15
LN1047,Samantha Mitchell,110272,0,0,Low,0.56,New Andre,50,Medium,0-15
LN1048,Bianca Reid,148391,45,1,Mid,0.37,Calebside,18,Low Priority,31-45
LN1049,Michele Sanders,191890,30,0,Mid,0.99,Lake Mariemouth,68,High Priority,16-30
LN1050,Julia Moore,225362,60,1,Mid,0.65,Hermanbury,26,Low Priority,45+
LN1051,Duane Lara,453006,15,0,Mid,0.5,New Gloria,49,Medium,0-15
LN1052,Mark Scott,122946,45,0,High,0.63,Micheleview,52,Medium,31-45
LN1053,Christy Clark,102989,60,0,Low,0.95,New Eric,46,Medium,45+
LN1054,Debra Welch,378896,15,0,High,0.35,South Tyler,50,Medium,0-15
LN1055,Allen Winters,161564,5,2,Low,0.42,Lake Kenneth,17,Low Priority,0-15
LN1056,Aaron Davis,185656,5,1,High,0.35,New Matthew,42,Medium,0-15
LN1057,Jennifer Jimenez,262289,30,3,Low,0.66,East Molly,7,Low Priority,16-30
LN1058,Mr. Jason Warner,250785,5,1,Low,0.8,Racheltown,48,Medium,0-15
LN1059,Don Jackson,387654,0,1,High,0.91,North William,72,High Priority,0-15
LN1060,Thomas Bird,159788,0,0,Mid,0.44,East Johnhaven,52,Medium,0-15
LN1061,Christopher Kennedy,97575,30,1,High,0.54,Lake Lisa,41,Medium,16-30
LN1062,Jorge Mills,426619,15,0,Mid,0.53,Gordonburgh,50,Medium,0-15
LN1063,Alice Fowler,72921,15,0,Mid,0.32,South Kirsten,40,Medium,0-15
LN1064,Katherine Mitchell,90313,45,0,Low,0.67,Smithville,38,Medium,31-45
LN1065,Terry Black,432724,0,3,Mid,0.89,New Tammy,38,Medium,0-15
LN1066,Ricardo Duffy,209407,15,0,Mid,0.81,Ericfort,64,High Priority,0-15
LN1067,Christine Wright,114476,90,1,Low,0.58,North Paul,3,Low Priority,45+
LN1068,Karen Daniels,230706,5,0,Low,0.97,North Traceychester,68,High Priority,0-15
LN1069,Dr. Dana Reese,203062,5,1,Low,0.94,Lake Aprilstad,55,Medium,0-15
LN1070,Michael Webb,412942,0,0,Mid,0.76,Jeremystad,68,High Priority,0-15
LN1071,Matthew Hernandez,134548,30,0,Mid,0.6,South Ryan,48,Medium,16-30
LN1072,Christopher Gonzalez,272764,5,0,Low,0.83,Mcleanborough,62,High Priority,0-15
LN1073,David Taylor,497880,5,0,Low,0.52,North Antonio,46,Medium,0-15
LN1074,Nicholas Anderson,98781,30,0,Low,0.64,Lake Cody,42,Medium,16-30
LN1075,Christina Flowers,376902,5,0,Mid,0.33,East Katrinaville,44,Medium,0-15
LN1076,Kenneth Thompson,230677,30,0,Low,0.74,East Rebecca,47,Medium,16-30
LN1077,Danielle Barrera,382937,15,0,Mid,0.73,New Henryton,60,High Priority,0-15
LN1078,Connor Flores,208751,30,0,Mid,0.96,South Kevin,66,High Priority,16-30
LN1079,Dr. Curtis Clark,169143,30,0,Low,0.87,East Donville,54,Medium,16-30
LN1080,Andrew Wiley,375754,90,0,High,0.93,East Christopherland,48,Medium,45+
LN1081,Joshua Hunter,171836,0,0,Low,0.37,Williamston,40,Medium,0-15
LN1082,Mark Hawkins,120386,5,1,Low,0.78,Dominguezmouth,47,Medium,0-15
LN1083,Bridget Arroyo,227869,45,0,Low,0.79,Katherinebury,44,Medium,31-45
LN1084,Mark Young,177164,90,0,Mid,0.98,West Jeffreyberg,43,Medium,45+
LN1085,Chad Henderson,326569,5,0,Mid,0.81,South Jeffreyfort,68,High Priority,0-15
LN1086,Joel Benitez,37955,5,1,Low,0.95,Aaronburgh,56,Medium,0-15
LN1087,Kyle Dixon,81476,0,1,Mid,0.47,Port Nicole,42,Medium,0-15
LN1088,Teresa Bradley,206141,60,0,High,0.52,East Marychester,40,Medium,45+
LN1089,Victoria Potter,86234,0,0,High,0.89,Garciafurt,82,High Priority,0-15
LN1090,Zachary Hill,220968,5,3,High,0.7,East Nicolemouth,35,Medium,0-15
LN1091,Charles Roberson,25486,0,0,Mid,0.69,Amyshire,64,High Priority,0-15
LN1092,Nicole Hughes,369652,45,1,Mid,0.36,Port Marialand,18,Low Priority,31-45
LN1093,Ashley Greene,172617,90,3,Low,0.82,Josephstad,0,Low Priority,45+
LN1094,Teresa Douglas,94460,5,0,Low,0.83,Franklinside,62,High Priority,0-15
LN1095,Justin Brown,251915,60,1,Mid,0.46,West Edward,17,Low Priority,45+
LN1096,Mary Gutierrez,213928,45,1,Low,0.36,Alexanderberg,10,Low Priority,31-45
LN1097,Robert Martinez,309106,15,2,High,0.47,Port Erika,32,Low Priority,0-15
LN1098,Carl Cortez,453478,120,1,Low,0.36,Michaelside,0,Low Priority,45+
LN1099,Andre Perez,223196,5,1,Low,0.53,North Megan,34,Low Priority,0-15
LN1100,Cody Roberts,35485,15,0,Mid,0.34,South Joshua,41,Medium,0-15
LN1101,Brittany Cruz,206843,45,1,Mid,0.78,North Trevorhaven,39,Medium,31-45
LN1102,Joanna Jackson,362363,90,0,Low,0.91,Romeromouth,32,Low Priority,45+
LN1103,Eric Osborne,385477,5,1,High,0.69,Josephburgh,58,Medium,0-15
LN1104,Margaret Weiss,254286,60,0,High,0.35,North Robertburgh,32,Low Priority,45+
LN1105,Karen Campbell,111362,30,0,Low,0.45,North Jeffreyberg,32,Low Priority,16-30
LN1106,Crystal Watson,279214,15,1,Mid,0.93,Brittanyfort,58,Medium,0-15
LN1107,Laura Kennedy,175576,60,3,Low,0.58,Lake Stephenbury,0,Low Priority,45+
LN1108,Dr. Jason Young,306103,30,0,Low,0.62,New Gavinville,41,Medium,16-30
LN1109,Sherry Wright,366809,0,0,Low,0.48,East Michael,46,Medium,0-15
LN1110,Justin Cook,198677,0,0,Mid,0.72,Rodriguezfurt,66,High Priority,0-15
LN1111,Seth Hanna,379151,0,2,High,0.96,South Amandafort,62,High Priority,0-15
LN1112,Angie Jackson,69407,15,2,Low,0.91,Jennifermouth,38,Medium,0-15
LN1113,Nathan Hooper,338714,0,0,Low,0.87,Lake Douglasberg,66,High Priority,0-15
LN1114,Andrea Hill,421631,120,0,Mid,0.58,Timothyside,11,Low Priority,45+
LN1115,Frank Schroeder,289114,45,1,Mid,0.59,Port Craigshire,30,Low Priority,31-45
LN1116,Taylor Taylor,413600,0,0,Mid,0.67,New Charlesfort,64,High Priority,0-15
LN1117,Kelly Stephens,160932,120,0,Mid,0.96,East Stacey,30,Low Priority,45+
LN1118,Sonya Cruz,183273,5,0,Low,0.48,Smithton,44,Medium,0-15
LN1119,Christopher Simpson,336076,30,0,Mid,0.73,Port Andrew,54,Medium,16-30
LN1120,Dana Meyer,56187,0,0,Mid,0.63,West Amandabury,62,High Priority,0-15
LN1121,Phillip Robles,332066,15,2,Mid,0.69,East Peter,34,Low Priority,0-15
LN1122,Angela Moss,306429,45,0,Mid,0.59,West Daniellechester,42,Medium,31-45
LN1123,Willie Phillips,21252,30,1,Low,0.4,Lake Josephfurt,18,Low Priority,16-30
LN1124,Christopher Fowler,98587,120,1,Mid,0.69,North Emmabury,4,Low Priority,45+
LN1125,Kristy Rubio,276434,60,0,Mid,0.85,West Brianborough,48,Medium,45+
LN1126,Alexander Marshall,270875,0,0,Mid,0.86,Johnsonshire,73,High Priority,0-15
LN1127,Dr. Victoria Cruz,337623,45,1,Low,0.33,Port Ernest,8,Low Priority,31-45
LN1128,Victoria Brown,355621,15,0,Mid,0.47,North Jamesmouth,48,Medium,0-15
LN1129,Hannah Krause,267666,15,0,Mid,0.58,Crystalstad,53,Medium,0-15
LN1130,Shawn Marshall,173487,30,0,Low,0.93,Jamietown,56,Medium,16-30
LN1131,Patricia Vargas,383714,15,3,Mid,0.46,West Joanneberg,11,Low Priority,0-15
LN1132,Bobby Burke,77108,0,0,Low,0.36,Danielsberg,40,Medium,0-15
LN1133,Ian Frank,150560,15,0,High,0.39,Territown,52,Medium,0-15
LN1134,Jessica Harrison,111865,30,0,Mid,0.74,Myersmouth,55,Medium,16-30
LN1135,Joel Scott,423694,15,0,Low,0.3,Smallview,31,Low Priority,0-15
LN1136,Nancy Heath,84291,45,1,Low,0.45,New Jeffreyton,14,Low Priority,31-45
LN1137,Heidi Adkins,495774,60,0,Mid,0.67,Derrickfurt,40,Medium,45+
LN1138,Eric Gordon,265121,30,0,Low,0.8,East Michael,50,Medium,16-30
LN1139,Victoria Walker,300174,45,1,Low,0.91,New Karabury,38,Medium,31-45
LN1140,Jessica Casey,108869,15,0,Low,0.56,Thompsonburgh,44,Medium,0-15
LN1141,Sue Irwin,241897,15,1,Low,0.67,Bobbyshire,38,Medium,0-15
LN1142,April Wall,286776,60,0,Mid,0.85,East Samanthaview,48,Medium,45+
LN1143,Michele Hansen,145036,15,0,Mid,0.69,West Maria,58,Medium,0-15
LN1144,Shaun Lewis,490951,5,0,Low,0.55,Coryshire,48,Medium,0-15
LN1145,April Berger,205625,30,0,Mid,0.53,Roberthaven,44,Medium,16-30
LN1146,David Lindsey,441240,0,0,Low,0.47,Jenniferberg,46,Medium,0-15
LN1147,Jason Campbell,178211,60,0,High,0.34,Richardberg,31,Low Priority,45+
LN1148,Elizabeth Williams,144040,0,0,Mid,0.99,Jessicafurt,80,High Priority,0-15
LN1149,Lisa Sanchez,451326,60,0,High,0.3,Wrighttown,29,Low Priority,45+
LN1150,Haley Williamson,413333,0,0,Mid,0.95,Thomasberg,78,High Priority,0-15
LN1151,Mary Williams,20846,15,0,High,0.44,New Carlahaven,54,Medium,0-15
LN1152,Joseph Hodge,443321,5,0,Mid,0.47,New Evanfurt,52,Medium,0-15
LN1153,Helen Miller,409678,30,1,Low,0.65,Stevenville,30,Low Priority,16-30
LN1154,Angela Gonzalez,52254,15,0,Low,0.54,Austinview,43,Medium,0-15
LN1155,Ryan Young,85545,15,0,Low,0.78,Port Annette,55,Medium,0-15
LN1156,Randy Austin,447603,0,1,Mid,0.72,Parsonsside,54,Medium,0-15
LN1157,Caitlin Adams,99767,30,1,Low,0.9,Kellymouth,43,Medium,16-30
LN1158,Willie May,32219,90,0,Mid,0.96,North Christine,42,Medium,45+
LN1159,James Washington MD,366699,5,2,Mid,0.33,Johnsonton,20,Low Priority,0-15
LN1160,Karen Ortiz,107388,0,1,Low,0.41,Raymondstad,30,Low Priority,0-15
LN1161,Michael Foster,368884,0,0,Mid,0.94,Rachelmouth,77,High Priority,0-15
LN1162,Jared Costa,168056,60,0,High,0.61,Port Sean,44,Medium,45+
LN1163,Amber Williams,59711,15,0,Mid,0.65,Bradyfurt,56,Medium,0-15
LN1164,Jason Wood,170168,5,0,Mid,0.35,Lake Jonathanborough,46,Medium,0-15
LN1165,Derek Bowers,112263,30,0,High,0.74,Dawsonfurt,63,High Priority,16-30
LN1166,Sarah Chavez,306663,30,0,High,0.65,Monicaside,58,Medium,16-30
LN1167,John Mason,45053,60,1,Low,0.52,North Charlesburgh,12,Low Priority,45+
LN1168,Michael Fisher,346628,45,0,Low,0.8,Lake Jordan,44,Medium,31-45
LN1169,Christopher Stanton,385060,60,0,High,0.38,Codytown,33,Low Priority,45+
LN1170,Kendra Russell,91907,15,1,Mid,0.68,New Alexandermouth,46,Medium,0-15
LN1171,Jacob Dean,146108,0,1,Mid,0.75,Jimenezville,56,Medium,0-15
LN1172,Dylan Hayes,452882,15,1,Mid,0.88,Port Kellybury,56,Medium,0-15
LN1173,Dawn Brown,408349,60,0,Mid,0.62,Julieport,37,Medium,45+
LN1174,Michael Baker,96077,30,2,Low,0.37,Smithberg,4,Low Priority,16-30
LN1175,Maria Donovan,166400,0,2,High,0.7,Kaneview,49,Medium,0-15
LN1176,Anthony Smith,215716,60,1,Low,0.7,Lindseytown,21,Low Priority,45+
LN1177,Karina Nielsen,129945,0,0,Low,0.89,Grantstad,66,High Priority,0-15
LN1178,Larry Rogers,198954,15,0,High,0.89,Lake Kevin,76,High Priority,0-15
LN1179,Casey Brock,144085,45,0,Low,0.46,Estradamouth,27,Low Priority,31-45
LN1180,Tara Young,476590,5,0,Low,0.86,Moralesmouth,63,High Priority,0-15
LN1181,Randy Lloyd,380089,5,0,Mid,0.94,Barryburgh,75,High Priority,0-15
LN1182,Kathleen Torres,159649,15,0,High,0.71,Lake Caleb,68,High Priority,0-15
LN1183,Wesley Mills,61914,15,0,Low,0.65,Lopeztown,48,Medium,0-15
LN1184,Edward Powell,458981,0,0,Mid,0.49,Port Joanmouth,54,Medium,0-15
LN1185,Cody Bailey,39097,0,1,Low,0.97,Spearsport,58,Medium,0-15
LN1186,Meghan Harper,463056,15,2,Mid,0.43,North Feliciatown,22,Low Priority,0-15
LN1187,Christopher Mora,171878,15,0,Mid,0.45,Durhammouth,46,Medium,0-15
LN1188,Joe Davis,471282,5,0,Mid,0.56,Amyshire,56,Medium,0-15
LN1189,Joshua Mcintyre,92847,15,0,Mid,0.62,Lauraland,55,Medium,0-15
LN1190,Andrew Marquez,442081,15,0,Mid,0.84,New Eric,66,High Priority,0-15
LN1191,Joseph Davis,347299,0,2,High,0.56,New Wendy,42,Medium,0-15
LN1192,Makayla Frazier,413170,30,0,Low,0.41,Melanieshire,30,Low Priority,16-30
LN1193,Taylor Howard,148177,60,0,Mid,0.48,West Lauraville,30,Low Priority,45+
LN1194,Jonathan Whitaker,312822,30,0,Low,0.86,Port Jacob,53,Medium,16-30
LN1195,Lisa Bolton,354402,60,0,Mid,0.86,South Meganfurt,49,Medium,45+
LN1196,Dr. Margaret Massey,369271,30,2,High,0.58,New Theresahaven,31,Low Priority,16-30
LN1197,Cynthia Bentley,409301,0,0,High,0.31,Port Jared,54,Medium,0-15
LN1198,Elizabeth Smith,274726,30,1,Low,0.91,New Heatherburgh,44,Medium,16-30
LN1199,Mckenzie Jenkins,463676,5,2,High,0.54,Anneshire,39,Medium,0-15
LN1200,Thomas Garza,123145,45,0,Low,0.88,Lake Jacobfurt,48,Medium,31-45
LN1201,Jessica Powell,446788,5,0,Mid,0.51,Juliaborough,54,Medium,0-15
LN1202,Sheila Savage,402451,90,1,Low,0.7,Patriciaville,9,Low Priority,45+
LN1203,William Tran,87642,60,1,Mid,0.32,North Alexisside,10,Low Priority,45+
LN1204,Sandra Price,22573,30,1,Mid,0.45,North Pamela,28,Low Priority,16-30
LN1205,Victoria Townsend,168757,45,3,Mid,0.42,Lake Michaelshire,0,Low Priority,31-45
LN1206,Jennifer Dillon,408822,30,1,Mid,0.87,Lake Jacobbury,50,Medium,16-30
LN1207,Leah Peters,208456,0,0,Mid,0.88,North Troyville,74,High Priority,0-15
LN1208,John Johnson,21622,0,0,Low,0.49,Jamesmouth,46,Medium,0-15
LN1209,Andrea Ellison,49402,15,1,Mid,0.42,South Faith,33,Low Priority,0-15
LN1210,Tonya Clayton,472268,45,0,Mid,0.6,Smithtown,42,Medium,31-45
LN1211,Haley Jones,499361,0,1,Low,0.72,Cassandraberg,46,Medium,0-15
LN1212,Jeffrey Holder,491833,0,1,Mid,0.94,Christopherborough,65,High Priority,0-15
LN1213,Brandon Maynard,437978,0,0,Mid,0.76,North Paulhaven,68,High Priority,0-15
LN1214,Martin Kirk,286997,0,0,Low,0.68,New Johnport,56,Medium,0-15
LN1215,Curtis Simpson,134130,15,0,Mid,0.72,West Kevinmouth,60,High Priority,0-15
LN1216,Patricia Wright,86017,30,0,Low,0.55,New Margaret,38,Medium,16-30
LN1217,Julian Malone,337056,15,1,Mid,0.47,Baileystad,36,Medium,0-15
LN1218,Shane Newton,65186,0,0,High,0.3,North Nancy,53,Medium,0-15
LN1219,Beth Smith,305195,5,0,High,0.4,Patriciafurt,56,Medium,0-15
LN1220,Brent Erickson,200553,30,0,Low,0.97,Port Robertport,58,Medium,16-30
LN1221,Miguel Perez,413554,30,1,Mid,0.78,Wellsport,45,Medium,16-30
LN1222,Denise Alvarez,340197,120,2,Mid,0.79,Jamesside,0,Low Priority,45+
LN1223,Andrew Cross,372744,90,0,Mid,0.95,Fernandezside,42,Medium,45+
LN1224,Tonya Kelley,163254,15,0,Low,0.38,New Katherinetown,35,Medium,0-15
LN1225,Timothy Willis MD,306214,0,2,High,0.96,Trevorside,62,High Priority,0-15
LN1226,Ruth Grant,419953,30,0,Mid,0.67,Maryside,52,Medium,16-30
LN1227,Thomas Brown,86150,0,0,Low,0.38,Port Jessicahaven,41,Medium,0-15
LN1228,Jason Smith,230017,60,0,Mid,0.58,North Jeffreyburgh,35,Medium,45+
LN1229,Jason Jones,192070,5,0,Mid,0.52,Jessicaburgh,54,Medium,0-15
LN1230,Barbara Haynes,178417,15,0,High,0.59,Grantport,62,High Priority,0-15
LN1231,Antonio Gentry,143618,60,0,High,0.67,West Kimberlyview,48,Medium,45+
LN1232,Cynthia Barnett,461759,90,0,Low,0.34,South Roberttown,3,Low Priority,45+
LN1233,Brian Garcia,202256,5,0,Mid,0.91,Martinfort,74,High Priority,0-15
LN1234,Troy Irwin,340750,5,0,Low,0.67,South Jessicashire,54,Medium,0-15
LN1235,Eddie Murphy,424032,0,0,Low,0.5,South Susan,47,Medium,0-15
LN1236,Barbara Pierce DVM,206691,30,0,Low,0.94,East Loriton,57,Medium,16-30
LN1237,Donald Pratt,263662,5,0,Mid,0.45,Mccoyview,50,Medium,0-15
LN1238,Brittany Hamilton,63001,45,0,Mid,0.99,Jonesland,62,High Priority,31-45
LN1239,Michael Maxwell,207710,90,0,Mid,0.42,Port Dawnville,15,Low Priority,45+
LN1240,Dana Henry,362579,0,0,High,0.46,Franklintown,61,High Priority,0-15
LN1241,Michael Burns,346898,15,0,Low,0.45,Michaelborough,38,Medium,0-15
LN1242,Carolyn Smith,178448,90,1,High,0.74,New Jesse,27,Low Priority,45+
LN1243,John Mathews,86262,60,2,High,0.42,North Morgan,11,Low Priority,45+
LN1244,Jenna Jimenez,27657,15,0,High,0.93,Haysborough,78,High Priority,0-15
LN1245,Kimberly Williams,27906,0,0,Mid,0.72,East Scottfurt,66,High Priority,0-15
LN1246,Keith Gordon,54701,60,0,Low,0.49,New Leslie,22,Low Priority,45+
LN1247,Jeffrey Murphy,347304,0,2,Low,0.53,North Mario,24,Low Priority,0-15
LN1248,Garrett Ramos,324664,15,0,Mid,0.56,Wongland,52,Medium,0-15
LN1249,Norman Peterson,493415,30,0,Mid,0.97,Elizabethchester,66,High Priority,16-30
LN1250,Benjamin Thomas,423119,30,0,High,0.65,North Colleenmouth,58,Medium,16-30
LN1251,David Mayer,397149,15,1,Low,0.77,Joshuabury,42,Medium,0-15
LN1252,Steven Kelly,269690,60,1,Mid,0.91,Gouldport,40,Medium,45+
LN1253,Michael Higgins,218747,60,2,Mid,0.89,Lake Melissaville,26,Low Priority,45+
LN1254,Steven Cooper,379768,90,0,Mid,0.43,Peterside,16,Low Priority,45+
LN1255,Travis White,214692,60,2,Low,0.88,West Denise,18,Low Priority,45+
LN1256,Rebecca Khan,388009,45,0,High,0.3,Kelliburgh,35,Medium,31-45
LN1257,Shannon Maynard,146209,45,0,Low,0.5,East Cindyburgh,29,Low Priority,31-45
LN1258,Craig Farley,473677,5,0,Low,0.56,Holmesview,48,Medium,0-15
LN1259,Nicolas Ford,188383,15,1,Low,0.83,Mitchellchester,46,Medium,0-15
LN1260,Jeffrey Carter,49257,5,1,Low,0.43,Lake Keith,30,Low Priority,0-15
LN1261,Tyler Cole,177732,0,2,Mid,0.35,New John,24,Low Priority,0-15
LN1262,Tina Moore,278778,0,1,Mid,0.63,Williamschester,50,Medium,0-15
LN1263,Douglas Erickson,273973,30,0,High,0.98,Cruzport,75,High Priority,16-30
LN1264,Jamie Holmes,44860,5,1,Mid,0.57,Johnsonfurt,44,Medium,0-15
LN1265,Matthew Hays,339516,0,0,Mid,0.84,Lisachester,72,High Priority,0-15
LN1266,Audrey Liu,311385,0,0,Mid,0.96,Christopherport,78,High Priority,0-15
LN1267,Michael Taylor,109186,15,0,Mid,0.79,East Kristenview,64,High Priority,0-15
LN1268,Sheri Berry,305555,45,1,Low,0.39,Lauraside,12,Low Priority,31-45
LN1269,Jennifer Perez,72930,90,0,Mid,0.96,South Patriciaview,42,Medium,45+
LN1270,Jesus Hutchinson,232943,60,3,Mid,0.61,Hortonside,0,Low Priority,45+
LN1271,Thomas Howell,287770,5,2,Low,0.45,Port Grantberg,18,Low Priority,0-15
LN1272,Daniel Lopez,46431,60,1,Mid,0.63,Amberland,26,Low Priority,45+
LN1273,Emily Kelley,105530,90,0,High,0.84,Connietown,44,Medium,45+
LN1274,Anthony Cox,225390,15,0,Low,0.86,Basschester,59,Medium,0-15
LN1275,Alicia Hernandez,452043,0,2,Mid,0.86,Paulburgh,49,Medium,0-15
LN1276,Dana Wilson,350904,0,0,Mid,0.47,Lake Stephaniefurt,54,Medium,0-15
LN1277,Mrs. Robin Jenkins,290856,0,0,Low,0.71,West Louis,58,Medium,0-15
LN1278,Tim Tucker,331412,15,0,High,0.4,Port Christina,52,Medium,0-15
LN1279,Joel Mills DVM,274225,30,0,High,0.81,Port Johnnyhaven,66,High Priority,16-30
LN1280,Michael Andrade,26154,30,2,Mid,0.33,Lopezborough,10,Low Priority,16-30
LN1281,Kenneth Calhoun,184053,30,0,Low,0.7,New Chelsea,45,Medium,16-30
LN1282,Laura Martin,265198,15,1,Mid,0.69,South Kennethside,46,Medium,0-15
LN1283,Ana Blevins,42431,90,0,Mid,0.92,Chadtown,40,Medium,45+
LN1284,Sierra Cooley,497085,0,0,Low,0.39,Reneestad,42,Medium,0-15
LN1285,Howard Black,174470,0,1,High,0.33,Shannonland,42,Medium,0-15
LN1286,Brittany Kerr,438219,0,1,Mid,0.32,New Johnstad,34,Low Priority,0-15
LN1287,Joshua Estrada DDS,256293,30,1,Low,0.95,Lake Carla,46,Medium,16-30
LN1288,Chelsey Dillon,384359,30,1,Low,0.87,North Andrew,42,Medium,16-30
LN1289,Dr. Jeremy Scott,177702,30,0,Mid,0.85,Duncanshire,60,High Priority,16-30
LN1290,Seth Williams,315806,30,0,Mid,0.36,Pearsonton,36,Medium,16-30
LN1291,Stacey Berry,231957,15,1,Mid,0.73,New Christophertown,48,Medium,0-15
LN1292,Wanda Holmes,182962,90,0,Low,0.85,Tiffanyton,28,Low Priority,45+
LN1293,Leslie Hill,90326,0,0,Low,0.76,Gwendolynburgh,60,High Priority,0-15
LN1294,Jennifer Weaver,188484,120,3,Mid,0.44,Janetton,0,Low Priority,45+
LN1295,Jennifer Moreno,245314,0,0,Low,0.89,East Brianchester,66,High Priority,0-15
LN1296,Dave Gonzales,485757,90,0,High,0.74,Annaberg,39,Medium,45+
LN1297,Richard Weaver,308107,45,0,Mid,0.66,New Melissamouth,45,Medium,31-45
LN1298,Martha Watson,216200,5,1,Mid,0.91,East Rachelton,62,High Priority,0-15
LN1299,Gregory Harris,308161,45,1,High,0.5,Thomasbury,33,Low Priority,31-45
LN1300,Paul Berger,106652,0,1,Mid,0.81,Colleenfort,58,Medium,0-15
LN1301,Karen Barr,440706,45,0,Mid,0.74,New Ashley,49,Medium,31-45
LN1302,Reginald Hunter,217133,90,0,High,0.64,West Jerome,34,Low Priority,45+
LN1303,Lauren Weaver,186205,0,0,Mid,0.71,Josehaven,66,High Priority,0-15
LN1304,Ashley Nelson,121459,15,0,Low,0.98,Kristinbury,65,High Priority,0-15
LN1305,Brenda Brown,349793,60,0,Mid,0.72,New Shaneburgh,42,Medium,45+
LN1306,Amber Wong,249027,90,0,Low,0.35,Josephtown,4,Low Priority,45+
LN1307,Corey Savage,364333,5,0,Mid,0.4,West James,48,Medium,0-15
LN1308,Katherine Wiggins,419492,0,1,Mid,0.42,Melissaborough,39,Medium,0-15
LN1309,Betty Park,91635,5,1,Low,0.67,Port Joshua,42,Medium,0-15
LN1310,John Chapman,243536,45,1,Mid,0.91,Port Gregory,46,Medium,31-45
LN1311,Stephanie Ruiz,151691,15,0,High,0.39,Jasminetown,52,Medium,0-15
LN1312,Kayla Marshall,242500,90,0,Low,0.62,Gonzalesville,17,Low Priority,45+
LN1313,Heather Johnson,179476,0,0,Mid,0.78,Abigailland,69,High Priority,0-15
LN1314,James Coleman,192307,120,3,Low,0.97,Marshfurt,0,Low Priority,45+
LN1315,Evan Ingram,371537,90,0,Low,0.67,North Susan,20,Low Priority,45+
LN1316,Erica Smith,29110,30,0,Low,0.52,Heathburgh,36,Medium,16-30
LN1317,Kevin Smith,410479,90,1,Low,0.43,Lake Thomas,0,Low Priority,45+
LN1318,Jessica Petersen,174268,5,2,Low,0.78,Lewisburgh,35,Medium,0-15
LN1319,Elizabeth Shah,460630,90,0,Low,0.47,New Garyborough,10,Low Priority,45+
LN1320,Joseph Knight,306233,60,0,Low,0.95,Amberfurt,46,Medium,45+
LN1321,Mitchell Lowe,336205,60,1,High,0.88,South James,46,Medium,45+
LN1322,Taylor Lopez,455503,30,0,Mid,1.0,Griffithmouth,68,High Priority,16-30
LN1323,Elizabeth Robinson,25704,60,3,Mid,0.36,New Oscartown,0,Low Priority,45+
LN1324,Garrett Nelson,498366,30,2,Mid,0.53,Port James,20,Low Priority,16-30
LN1325,Beth Smith,286258,45,1,Mid,0.6,East Stephanieberg,30,Low Priority,31-45
LN1326,Lee Lewis,385898,5,0,Mid,0.53,Lowerychester,54,Medium,0-15
LN1327,Samuel Johnson,371296,5,0,Mid,0.57,Donnatown,56,Medium,0-15
LN1328,Karen Anderson,386040,15,0,Mid,0.31,Thomasstad,40,Medium,0-15
LN1329,James Mckee,129834,30,1,Mid,0.62,Jenniferstad,37,Medium,16-30
LN1330,Angela Morrison,127522,15,3,High,0.94,Richardview,43,Medium,0-15
LN1331,Mrs. Brenda Scott,215804,5,0,Low,0.71,Jasonhaven,56,Medium,0-15
LN1332,Gregory Griffin,162635,15,0,Mid,0.82,South Stevenchester,65,High Priority,0-15
LN1333,Brian Smith,178059,90,0,Low,0.31,Lake Margarettown,2,Low Priority,45+
LN1334,Amber Sullivan,79182,0,3,Mid,0.57,Port Elizabeth,22,Low Priority,0-15
LN1335,Denise Johnson,65379,90,0,Low,0.64,Port Valerie,18,Low Priority,45+
LN1336,Molly Klein,289295,15,1,High,0.67,South Bettymouth,54,Medium,0-15
LN1337,Charlotte Bush,141999,0,1,Low,0.98,South Jody,59,Medium,0-15
LN1338,Nancy Bush,251513,0,0,Mid,0.43,Lake Susan,52,Medium,0-15
LN1339,Daniel Johnson,92588,0,0,Mid,0.43,East Ericbury,52,Medium,0-15
LN1340,Anthony Hensley,139735,90,0,High,0.69,Lake Pamelaville,36,Medium,45+
LN1341,Dustin Hernandez,353175,15,0,Low,0.75,Port Ianview,54,Medium,0-15
LN1342,Robert Moss,185140,60,0,Low,0.73,Wilsonstad,34,Low Priority,45+
LN1343,Andrew Boone,96153,5,2,Mid,0.69,Lake Joshua,38,Medium,0-15
LN1344,Tracy Wright,147834,45,0,High,0.6,Lake Amandastad,50,Medium,31-45
LN1345,David Norton,318185,45,1,Low,0.6,New Jennifer,22,Low Priority,31-45
LN1346,Kenneth Buckley,147556,0,1,High,0.45,Lake Charles,48,Medium,0-15
LN1347,Mark Neal,69104,0,0,Low,0.44,New Jennifer,44,Medium,0-15
LN1348,Kyle Fuentes,111658,0,0,Mid,0.65,South Jonathan,62,High Priority,0-15
LN1349,Michelle Walker,37727,0,1,Mid,0.6,Blackburnport,48,Medium,0-15
LN1350,Brian Pham,314054,30,0,Low,0.87,Armstronghaven,54,Medium,16-30
LN1351,Sean Humphrey,320611,30,0,Low,0.36,New Ashleybury,28,Low Priority,16-30
LN1352,Gabriela Woodward,393479,30,0,Mid,0.56,Port Robertmouth,46,Medium,16-30
LN1353,Sarah Patterson,254565,5,0,Mid,0.35,Hintonville,46,Medium,0-15
LN1354,Andrew Ryan Jr.,292900,0,1,Low,0.71,North Paulview,46,Medium,0-15
LN1355,Lauren Stark,355938,15,0,Low,0.77,Williamston,54,Medium,0-15
LN1356,Rachel Patel,271051,30,0,Mid,0.63,Nelsontown,50,Medium,16-30
LN1357,Mary Parsons,379687,15,0,High,0.74,New John,69,High Priority,0-15
LN1358,Megan Arroyo,351054,0,0,Low,0.62,Allisonhaven,53,Medium,0-15
LN1359,Crystal Adkins,276911,0,0,High,0.63,West Brad,70,High Priority,0-15
LN1360,Nicole Mclean,363581,0,0,Low,0.99,Richardsonburgh,72,High Priority,0-15
LN1361,Carrie Campos,213783,15,1,Mid,0.74,New Tammyborough,49,Medium,0-15
LN1362,Jessica Harrington,76273,45,2,Mid,0.65,Lake Soniastad,20,Low Priority,31-45
LN1363,Virginia Harris,29715,30,0,Low,0.48,New Heather,34,Low Priority,16-30
LN1364,Ryan Gilbert,144481,5,0,Low,0.66,Saraport,53,Medium,0-15
LN1365,Kathleen Shepard,409954,5,0,Mid,0.66,Lewisside,61,High Priority,0-15
LN1366,Gregory Perez,365506,45,0,Mid,0.57,Danielhaven,40,Medium,31-45
LN1367,Emily Moreno,253483,90,0,High,0.57,New Meagan,30,Low Priority,45+
LN1368,Elizabeth Robinson,211703,15,1,Low,0.45,Port Phillipside,26,Low Priority,0-15
LN1369,Michael Long,60461,0,0,Low,0.79,Rachelfort,62,High Priority,0-15
LN1370,Alice Smith,150513,90,0,High,0.7,Robertside,37,Medium,45+
LN1371,Christopher Walker,476956,60,2,Mid,0.72,West Sarah,18,Low Priority,45+
LN1372,Cheryl Hernandez,188757,45,0,High,0.88,North Michaelburgh,64,High Priority,31-45
LN1373,David Rowe,222380,5,0,Low,0.39,Michaelshire,40,Medium,0-15
LN1374,Adam Sharp,459875,0,1,Low,0.72,Garyborough,46,Medium,0-15
LN1375,David Garza,225342,15,0,Low,0.75,Jamesbury,54,Medium,0-15
LN1376,Jeffrey Matthews,431484,0,1,Low,0.57,New Destiny,38,Medium,0-15
LN1377,Cindy Alexander,492580,45,0,Low,1.0,West Richardchester,54,Medium,31-45
LN1378,Melissa Williams,197404,30,0,Mid,0.42,Hayneshaven,39,Medium,16-30
LN1379,Dawn Morris,212660,0,0,Low,0.78,South Amandafurt,61,High Priority,0-15
LN1380,Kevin Lawrence,174363,30,1,Low,0.46,East Jessica,21,Low Priority,16-30
LN1381,Ms. Tammie Gordon,447387,5,1,Mid,0.6,New Craig,46,Medium,0-15
LN1382,Brandon Price,428638,45,0,Mid,0.55,Port Tomborough,40,Medium,31-45
LN1383,Douglas Marks,308859,15,0,Low,0.97,Lake Robert,64,High Priority,0-15
LN1384,John Robinson,213718,5,0,Low,0.48,Williamfort,44,Medium,0-15
LN1385,Samantha Garcia,174249,30,0,Mid,0.53,West Dominicburgh,44,Medium,16-30
LN1386,Laura Brennan,341497,0,3,High,0.97,East Monicaton,50,Medium,0-15
LN1387,Travis Moore,282307,5,0,Mid,0.65,North Jessica,60,High Priority,0-15
LN1388,Mary Crosby DVM,140575,0,0,Low,0.53,Port Kaylastad,48,Medium,0-15
LN1389,Michael Hatfield,245019,30,1,Mid,0.9,Christopherburgh,51,Medium,16-30
LN1390,Mr. Marcus Hill MD,276553,45,2,High,0.85,East Kevin,38,Medium,31-45
LN1391,Alicia Rios,446376,90,1,Low,0.5,Lake Nicholasbury,0,Low Priority,45+
LN1392,Dr. Karla Schultz,110353,0,2,Mid,0.75,Christineland,44,Medium,0-15
LN1393,Angela Lopez,244033,5,0,Low,0.92,Youngchester,66,High Priority,0-15
LN1394,Debra Mccoy,269686,15,0,Mid,0.66,Port Rebeccatown,57,Medium,0-15
LN1395,Rachel Curry,243332,0,0,Mid,0.76,New Jose,68,High Priority,0-15
LN1396,Mary Miller,48082,0,0,High,0.82,Alexandrahaven,79,High Priority,0-15
LN1397,Laura Rodriguez,458073,15,3,High,0.96,Lake Jessicaberg,44,Medium,0-15
LN1398,Tiffany Robles,145426,0,0,Low,0.76,West Amberfurt,60,High Priority,0-15
LN1399,Casey Gilbert,408447,0,0,Low,0.66,Kelleymouth,55,Medium,0-15
LN1400,Ashley Miller,437104,0,1,Mid,0.57,Garcialand,46,Medium,0-15
LN1401,Tom Young,242146,0,1,Mid,0.75,Batesmouth,56,Medium,0-15
LN1402,Jeffrey Blake,143257,15,2,Low,0.39,East Kaitlynchester,12,Low Priority,0-15
LN1403,Manuel Hall,419194,90,1,Mid,0.82,Kevinbury,23,Low Priority,45+
LN1404,Mr. Timothy Wiley,29503,30,0,Low,0.38,South Pamelastad,29,Low Priority,16-30
LN1405,Linda Caldwell,109489,0,0,Mid,0.61,Omarbury,60,High Priority,0-15
LN1406,Joshua Reed,125432,0,0,High,0.77,Donnachester,76,High Priority,0-15
LN1407,Charles Shaffer,347090,60,1,Low,0.87,East Kathrynfort,30,Low Priority,45+
LN1408,Jeremy Vincent,199830,60,0,Mid,0.75,Elijahtown,44,Medium,45+
LN1409,Thomas Jackson,407732,90,1,Mid,0.43,Gonzaleshaven,4,Low Priority,45+
LN1410,Shaun Wells,128255,0,0,High,0.96,Lake Marcusfort,86,High Priority,0-15
LN1411,James Gonzalez,376124,30,0,Mid,0.36,Meganport,36,Medium,16-30
LN1412,Christine Espinoza,199761,0,0,High,0.81,Nolanbury,78,High Priority,0-15
LN1413,Heather Richards,23754,45,1,Mid,0.37,Timothyberg,18,Low Priority,31-45
LN1414,Melissa Davila,364086,30,2,Mid,0.83,Vasquezville,36,Medium,16-30
LN1415,Brandon Jacobson,180878,0,0,High,0.82,South Christybury,79,High Priority,0-15
LN1416,Michael Sharp,462882,120,0,Mid,0.86,South Jessicaton,25,Low Priority,45+
LN1417,Deborah Wallace,261130,5,1,High,0.73,South Nicole,60,High Priority,0-15
LN1418,Dustin Mcdaniel,96865,5,1,Mid,0.3,West Stevenchester,31,Low Priority,0-15
LN1419,Teresa Kelly,39033,45,1,Low,0.82,Robertbury,33,Low Priority,31-45
LN1420,Jennifer Clarke,60372,5,0,Low,0.51,Lake Williamshire,46,Medium,0-15
LN1421,Jasmine Ford,294231,15,0,Low,0.75,West Steven,54,Medium,0-15
LN1422,Anthony West,38313,60,0,Low,0.59,Jenkinsstad,28,Low Priority,45+
LN1423,Brandon Camacho,284167,0,0,Low,0.43,Lake Amber,44,Medium,0-15
LN1424,Ryan Mclean,451020,0,0,Mid,0.75,Knightfort,68,High Priority,0-15
LN1425,Teresa Santos,167159,0,0,Mid,0.34,Coxbury,47,Medium,0-15
LN1426,Thomas Tucker,129079,30,1,Low,0.88,Torresmouth,42,Medium,16-30
LN1427,Micheal Hendrix,392528,30,0,Mid,0.82,Philipport,59,Medium,16-30
LN1428,Jennifer Ramirez,172889,30,1,Mid,0.61,Christineport,36,Medium,16-30
LN1429,Brittany Clayton,287613,5,0,Low,0.45,South Larry,42,Medium,0-15
LN1430,David Patrick,366874,45,1,Mid,0.51,South Richardside,26,Low Priority,31-45
LN1431,Jennifer Wilson,97984,5,1,Mid,0.38,South Jamesstad,35,Medium,0-15
LN1432,Jeffrey Campbell,181326,45,0,Mid,0.71,Sheilamouth,48,Medium,31-45
LN1433,Robert Myers,140312,15,3,Low,0.79,Joshuatown,20,Low Priority,0-15
LN1434,Colleen Douglas,157469,15,1,High,0.85,Erinhaven,62,High Priority,0-15
LN1435,Nicole Robinson,474546,0,0,High,0.89,Andreaburgh,82,High Priority,0-15
LN1436,Anna Meyer,304580,15,0,High,0.79,Oneillstad,72,High Priority,0-15
LN1437,Elizabeth Ware,308345,0,1,Mid,0.61,East Morganstad,48,Medium,0-15
LN1438,Linda Wilkinson,88920,0,0,Low,0.39,Youngfurt,42,Medium,0-15
LN1439,Victoria Keller,158808,45,1,High,0.35,Collinshaven,26,Low Priority,31-45
LN1440,Daniel Smith,225675,0,0,Low,0.49,Hansonside,46,Medium,0-15
LN1441,Heather Kelly,93997,0,0,Mid,0.61,North Sandraport,60,High Priority,0-15
LN1442,Catherine Patel,446188,0,0,High,0.33,Gomezshire,54,Medium,0-15
LN1443,James Nelson,322929,60,0,Mid,0.59,Juliestad,36,Medium,45+
LN1444,Brandy Gentry,248870,0,0,Mid,0.68,East Ashleymouth,64,High Priority,0-15
LN1445,Vincent Carr,271351,15,2,Low,0.59,East Krista,22,Low Priority,0-15
LN1446,Anthony Rodriguez,131487,30,0,High,0.4,Garciaville,46,Medium,16-30
LN1447,Patrick Strickland,269430,0,0,Mid,0.98,South Cheryl,79,High Priority,0-15
LN1448,Raymond Brown,49055,90,0,Low,0.8,Port Evelyn,26,Low Priority,45+
LN1449,Mike Stuart,111006,0,2,Mid,0.67,Lake Chad,40,Medium,0-15
LN1450,Misty Lopez,117852,0,0,Mid,0.85,East Emily,72,High Priority,0-15
LN1451,Daniel Thomas,65232,15,0,Mid,0.64,Erikafurt,56,Medium,0-15
LN1452,Damon Hayes,33140,0,1,Low,0.37,South Corey,28,Low Priority,0-15
LN1453,Christopher Dixon,228015,5,1,Mid,0.34,Ashleyfurt,33,Low Priority,0-15
LN1454,Erica Bell,241095,0,0,High,0.86,North Sara,81,High Priority,0-15
LN1455,Tyler Johnson,292944,0,0,Low,0.53,Lake Joshuamouth,48,Medium,0-15
LN1456,Michael Davis,181645,45,0,Low,0.76,Reedburgh,42,Medium,31-45
LN1457,Jay Morgan,428155,0,2,Mid,0.83,Lake Heiditown,48,Medium,0-15
LN1458,Adam Franco,311262,15,0,Low,0.5,North Ryanshire,41,Medium,0-15
LN1459,Patricia Mathis,463945,15,0,Mid,0.88,Marshallshire,68,High Priority,0-15
LN1460,Erin Reid,230097,0,0,Low,0.43,Clarketon,44,Medium,0-15
LN1461,Victoria Hopkins,200231,0,1,Mid,0.74,Kristenmouth,55,Medium,0-15
LN1462,Sean Martin,288854,30,0,High,0.66,Jenkinsmouth,59,Medium,16-30
LN1463,Marcia Simpson,420187,30,1,Low,0.9,West Vicki,43,Medium,16-30
LN1464,Christy Curry,85794,60,0,Mid,0.72,Petermouth,42,Medium,45+
LN1465,Christy Adams,270870,0,2,Mid,0.41,Patriciaburgh,26,Low Priority,0-15
LN1466,Aaron Malone,87843,45,3,High,0.38,West Alexport,3,Low Priority,31-45
LN1467,Michael Shepard,476586,15,3,Mid,0.99,North Dean,38,Medium,0-15
LN1468,Misty Boone,334900,30,0,High,0.99,Timothyburgh,76,High Priority,16-30
LN1469,Marcus Hubbard,46170,0,0,Mid,0.67,Frazierchester,64,High Priority,0-15
LN1470,Gina White,374195,60,0,Mid,0.43,Albertfurt,28,Low Priority,45+
LN1471,Frances Roberts,117756,0,2,Low,0.83,Markside,40,Medium,0-15
LN1472,Mike Mitchell,142232,15,1,Mid,0.55,Christychester,40,Medium,0-15
LN1473,Wendy Thomas,328449,45,2,Mid,0.47,North Christineburgh,12,Low Priority,31-45
LN1474,Heather Perez,140987,45,0,Low,0.4,New David,24,Low Priority,31-45
LN1475,Cody Zimmerman,196168,30,0,Mid,0.6,Dillonmouth,48,Medium,16-30
LN1476,Rhonda Carroll,455071,5,1,Mid,0.99,Lake Peter,66,High Priority,0-15
LN1477,Chelsea Blair,487874,0,1,Low,0.52,Patrickton,36,Medium,0-15
LN1478,Marcia Robinson,161559,0,0,High,0.46,West Daniel,61,High Priority,0-15
LN1479,Nathaniel Higgins,41447,0,0,Low,0.91,Michaelshire,68,High Priority,0-15
LN1480,Dennis Valdez,345422,5,0,Low,0.51,Port Tyler,46,Medium,0-15
LN1481,Noah Rose,392013,45,2,Low,0.87,Timtown,24,Low Priority,31-45
LN1482,Donna Robbins,70939,30,0,High,0.77,Lake Deborah,64,High Priority,16-30
LN1483,Amanda Bennett,87990,0,0,Low,0.46,North Anneshire,45,Medium,0-15
LN1484,Anna Durham,106516,15,0,High,0.38,Christineton,51,Medium,0-15
LN1485,Cory Ware MD,290931,0,0,Low,0.98,South Josephstad,71,High Priority,0-15
LN1486,Melissa Rivera,73909,60,0,High,0.83,West Frederick,56,Medium,45+
LN1487,Jason Carter MD,437480,45,3,Mid,0.69,North Dylanside,10,Low Priority,31-45
LN1488,Kimberly Morris,296091,45,0,High,0.38,Simpsonfort,39,Medium,31-45
LN1489,David Jones,332229,0,0,Low,0.33,North Todd,38,Medium,0-15
LN1490,Wendy Campbell,157888,15,0,Mid,0.51,South Grace,50,Medium,0-15
LN1491,Francisco Terry,112493,30,0,High,0.9,East Raymondton,71,High Priority,16-30
LN1492,John Rodriguez,363912,5,0,High,0.74,Taylorhaven,73,High Priority,0-15
LN1493,Daniel Wiggins,305711,0,1,Low,0.71,North Carlos,46,Medium,0-15
LN1494,Sarah Thomas,347231,45,0,Mid,0.48,Cruzhaven,36,Medium,31-45
LN1495,Erik Smith,64900,15,0,Low,0.94,South Jennifer,63,High Priority,0-15
LN1496,Mr. Devin Lawrence,66403,60,0,High,0.32,West Daniel,30,Low Priority,45+
LN1497,Aaron Eaton,52174,0,2,Mid,0.4,New David,26,Low Priority,0-15
LN1498,Bonnie Sanchez,308793,0,0,High,0.61,Halestad,68,High Priority,0-15
LN1499,Kurt Tran,475160,30,0,Mid,0.37,Kaitlynchester,36,Medium,16-30
LN1500,Spencer Lee,50795,15,1,High,0.72,Skinnerton,56,Medium,0-15
LN1501,Clayton Anderson,293334,120,0,Mid,0.92,North Andrew,28,Low Priority,45+
LN1502,Gary Munoz,177584,0,1,High,0.47,East Kyle,50,Medium,0-15
LN1503,Stacey Brown,180105,90,0,Mid,0.44,Williamsport,16,Low Priority,45+
LN1504,Natalie Byrd,287554,5,0,Mid,0.68,Lake Xavier,62,High Priority,0-15
LN1505,Carol Carlson,63056,0,0,Low,0.38,Lambfurt,41,Medium,0-15
LN1506,Roger Bryant,378182,45,0,Mid,0.51,West Steven,38,Medium,31-45
LN1507,Jason Allen,202024,45,0,High,0.67,Port Laurabury,54,Medium,31-45
LN1508,Amy Lopez,457818,15,2,Mid,0.79,West Codyfort,40,Medium,0-15
LN1509,Terry Santana,101554,15,2,Low,0.57,North Teresaside,20,Low Priority,0-15
LN1510,Jessica Perry,28210,5,2,Mid,0.73,Connerfurt,40,Medium,0-15
LN1511,Mr. John Lucas,219919,0,1,High,0.8,North Brianville,66,High Priority,0-15
LN1512,Amanda Taylor,395960,30,0,Low,0.34,South Toddborough,27,Low Priority,16-30
LN1513,Vickie Davis,173262,60,0,Mid,0.86,Shelleychester,49,Medium,45+
LN1514,Bradley Love,307139,5,0,Mid,0.83,West Jameston,70,High Priority,0-15
LN1515,Cassandra Graves,384256,5,0,Mid,0.59,South Kristina,58,Medium,0-15
LN1516,Leslie Harrison,449852,30,0,Mid,0.31,New Timothy,34,Low Priority,16-30
LN1517,Gloria Barton,491249,0,0,Low,0.42,Ryanbury,43,Medium,0-15
LN1518,Nicole Austin,276453,0,2,Low,0.67,Leemouth,32,Low Priority,0-15
LN1519,Melissa Jennings,223047,45,1,Mid,0.61,North Claytonfurt,30,Low Priority,31-45
LN1520,Jennifer Taylor,199510,15,0,Low,0.69,Marcusbury,50,Medium,0-15
LN1521,Catherine Ingram,139006,15,1,Low,0.57,New Rebeccaview,32,Low Priority,0-15
LN1522,Mr. Benjamin Harvey,168586,5,1,Low,0.51,East Julieland,34,Low Priority,0-15
LN1523,Denise Nichols MD,212121,15,0,Low,0.62,Port Christy,47,Medium,0-15
LN1524,Carrie Choi,203467,60,0,Low,0.71,Sandychester,34,Low Priority,45+
LN1525,Michelle Gregory,357913,5,0,Low,0.67,Wesleyborough,54,Medium,0-15
LN1526,Victoria Huff,383809,0,0,Low,0.92,Rebeccamouth,68,High Priority,0-15
LN1527,Amanda Ross,244448,90,0,Mid,0.57,Port Aaron,22,Low Priority,45+
LN1528,Zachary Alexander,140234,5,1,Mid,0.37,Hughesland,34,Low Priority,0-15
LN1529,Amy Solis,421983,30,0,Low,0.99,Mooreland,60,High Priority,16-30
LN1530,Lisa Davis,115040,0,0,High,0.46,North Jacob,61,High Priority,0-15
LN1531,Anthony Wall,170871,15,3,Low,0.33,Port Nicholaston,0,Low Priority,0-15
LN1532,Daryl Diaz,329237,60,0,Low,0.52,Lake Jesseland,24,Low Priority,45+
LN1533,Amanda Wilson,403100,15,0,High,0.38,East Margaret,51,Medium,0-15
LN1534,Juan Farrell,485065,5,0,Mid,1.0,South Nicholasmouth,78,High Priority,0-15
LN1535,Richard Allen,419560,120,0,High,0.57,Sandersstad,18,Low Priority,45+
LN1536,Alyssa Bond,79500,90,1,High,0.63,Lake Veronicabury,22,Low Priority,45+
LN1537,Carlos Robbins,153004,15,1,High,0.61,Port Hannah,50,Medium,0-15
LN1538,Antonio Joyce,394313,45,1,Low,0.66,Jasonport,25,Low Priority,31-45
LN1539,David Wright,102302,0,3,Mid,0.54,Lake Davidtown,21,Low Priority,0-15
LN1540,Stacy Gregory,119931,15,3,Low,0.87,Pattersonmouth,24,Low Priority,0-15
LN1541,Anthony Singleton,164355,5,3,High,0.74,South Debra,37,Medium,0-15
LN1542,Charles Bailey,197912,45,0,Mid,0.4,Port Sarah,32,Low Priority,31-45
LN1543,Stephanie Lee,100388,15,0,Low,0.97,Craigland,64,High Priority,0-15
LN1544,Kimberly Giles,152212,15,0,Mid,0.33,North Angelastad,40,Medium,0-15
LN1545,Angela Lopez,64789,45,0,Mid,0.49,Judyport,36,Medium,31-45
LN1546,Gerald Rojas,86093,0,3,High,0.66,New James,35,Medium,0-15
LN1547,Stephanie Page,211083,15,2,Mid,0.56,Lake Angela,28,Low Priority,0-15
LN1548,Gail Hodge,92805,15,0,Mid,0.72,Suzannemouth,60,High Priority,0-15
LN1549,Donald Perez,164063,15,0,High,0.99,West Karen,82,High Priority,0-15
LN1550,Stephanie Lee,434299,45,1,Mid,0.97,South Joshua,48,Medium,31-45
LN1551,Veronica Aguilar,170575,120,0,Low,0.75,Sherifurt,12,Low Priority,45+
LN1552,William Horn,428288,60,0,High,0.61,Murphyborough,44,Medium,45+
LN1553,Selena Carey,262700,90,0,Mid,0.83,East Michael,36,Medium,45+
LN1554,Tracy Braun,269877,30,1,Mid,0.39,Stevenmouth,26,Low Priority,16-30
LN1555,Rachel Flowers,360093,30,1,Low,0.81,Joshuatown,38,Medium,16-30
LN1556,Anne Beltran,78653,90,0,High,0.77,Lewisshire,40,Medium,45+
LN1557,Karen Cook,450192,0,0,Low,0.54,West Katherine,49,Medium,0-15
LN1558,Sheila Lucas,422980,30,0,Mid,0.84,Davisburgh,60,High Priority,16-30
LN1559,Valerie Ferguson,420511,45,2,Mid,0.37,West Danielton,6,Low Priority,31-45
LN1560,Gregory Hill,244790,15,0,Mid,0.58,Lake Kelly,53,Medium,0-15
LN1561,Brandon Morris,414597,5,0,Mid,0.7,New James,63,High Priority,0-15
LN1562,John Mcclure,30207,0,3,Mid,0.51,Lake Eric,20,Low Priority,0-15
LN1563,Steven Smith,362951,0,1,Low,0.63,Bruceshire,42,Medium,0-15
LN1564,Helen Torres,255841,0,0,Low,0.46,Williamsbury,45,Medium,0-15
LN1565,Justin Scott,281570,45,2,Mid,0.93,Martinhaven,34,Low Priority,31-45
LN1566,Joshua Ford,383228,15,1,Mid,0.45,Port Kenneth,34,Low Priority,0-15
LN1567,Gerald Sanders,448812,30,0,Mid,0.39,North Stacey,38,Medium,16-30
LN1568,Laura Smith,489328,30,2,Mid,0.88,Fullerland,38,Medium,16-30
LN1569,Kevin Owens,414805,0,1,Low,0.8,Patrickchester,50,Medium,0-15
LN1570,Douglas Nicholson,127507,5,0,Mid,0.38,North Arthurport,47,Medium,0-15
LN1571,Stacy Blackwell,207450,45,0,Mid,0.5,Port Christopher,37,Medium,31-45
LN1572,Michael Weber,188785,45,1,Low,0.58,New Thomas,21,Low Priority,31-45
LN1573,Cynthia Moore,394200,0,0,Low,0.49,Lake Lori,46,Medium,0-15
LN1574,Jessica Chapman,309061,60,0,Mid,0.54,Port Darlenemouth,33,Low Priority,45+
LN1575,Adam Rice,100811,30,0,Low,0.55,North Lawrence,38,Medium,16-30
LN1576,Megan Smith,52402,15,2,Mid,0.94,West Amandaborough,47,Medium,0-15
LN1577,Seth Nunez,456364,5,0,High,0.77,Craneberg,74,High Priority,0-15
LN1578,Steve Phillips,260016,30,0,Low,0.74,Smithfort,47,Medium,16-30
LN1579,David Allen,305622,0,0,Mid,0.77,New Elizabeth,68,High Priority,0-15
LN1580,Lisa Armstrong,471488,0,0,Mid,0.96,Markside,78,High Priority,0-15
LN1581,Michael Vaughn,222440,0,1,Mid,0.33,Port Michaelland,34,Low Priority,0-15
LN1582,Paul Carter,299652,15,0,High,0.63,Normanchester,64,High Priority,0-15
LN1583,Keith Baker,87055,0,0,Low,0.34,Torresside,39,Medium,0-15
LN1584,Barbara Gibson,499208,0,0,Mid,0.8,East Matthew,70,High Priority,0-15
LN1585,Jaime Green,311464,30,0,High,0.45,Joshuaview,48,Medium,16-30
LN1586,Thomas Vaughn,358540,45,0,Low,0.95,East Williamberg,52,Medium,31-45
LN1587,Mr. John Wood Jr.,329521,30,3,Low,0.78,East Keith,13,Low Priority,16-30
LN1588,Marissa Gomez,82261,0,2,Low,0.56,Samanthaside,26,Low Priority,0-15
LN1589,David Lewis,486232,45,1,Mid,0.37,East Cheryl,18,Low Priority,31-45
LN1590,Kristen Fisher,261225,0,0,Low,0.31,Lake David,38,Medium,0-15
LN1591,Lauren Richardson,452995,90,0,Mid,0.53,Phillipfort,20,Low Priority,45+
LN1592,Peter Ford,277803,15,0,Mid,0.97,West Jeremiah,72,High Priority,0-15
LN1593,Chelsea Johnson,498395,5,1,Mid,0.49,Rasmussenmouth,40,Medium,0-15
LN1594,Teresa Vincent,358384,15,3,Low,0.31,Jamesburgh,0,Low Priority,0-15
LN1595,Thomas Hale,91354,5,0,Low,0.6,South Lindseyport,50,Medium,0-15
LN1596,Karen Johnson,312575,0,1,Mid,0.54,East Williamton,45,Medium,0-15
LN1597,Craig Swanson,171165,15,0,Mid,0.68,Wyattbury,58,Medium,0-15
LN1598,Amanda Dawson,469763,45,0,High,0.85,East Katietown,62,High Priority,31-45
LN1599,April Kirby,461048,0,0,Low,0.93,Karibury,68,High Priority,0-15
LN1600,Rebecca Thornton,245180,0,0,Mid,0.82,Port Elizabeth,71,High Priority,0-15
LN1601,Raymond Jackson,255990,30,0,High,0.47,South Robyn,50,Medium,16-30
LN1602,Micheal Alexander,439639,120,0,High,0.35,Owensstad,8,Low Priority,45+
LN1603,Angela Jackson,364296,0,1,Mid,0.93,New Allenfurt,64,High Priority,0-15
LN1604,Matthew Henry,133688,45,0,Low,0.87,Davidton,48,Medium,31-45
LN1605,Erin Burch,408455,60,0,Mid,0.87,West Monicamouth,50,Medium,45+
LN1606,Richard Smith,52430,60,0,Mid,0.92,Stonefurt,52,Medium,45+
LN1607,Vanessa Lewis,362504,30,1,High,0.65,North Paulmouth,46,Medium,16-30
LN1608,Kenneth Chang,133000,5,0,High,0.67,Port Morgan,70,High Priority,0-15
LN1609,Joyce Mason,329262,5,2,High,0.73,New Heather,48,Medium,0-15
LN1610,Megan Beck,326749,45,0,Mid,0.6,Ryanville,42,Medium,31-45
LN1611,Jessica Leon,349437,15,2,Mid,0.93,West Wesley,46,Medium,0-15
LN1612,Russell Strickland,159883,45,3,Mid,0.9,Jimenezport,21,Low Priority,31-45
LN1613,Sara Sullivan,165051,30,0,Mid,0.65,Amyshire,50,Medium,16-30
LN1614,Mallory Johnson,268503,30,3,Mid,0.48,West Anthony,6,Low Priority,16-30
LN1615,Brian Terry,476280,60,0,Low,0.31,New Thomasmouth,14,Low Priority,45+
LN1616,Brittany Waters,148389,0,1,High,0.96,South Annetteview,74,High Priority,0-15
LN1617,Daniel Grant,245898,5,3,High,0.57,Andresfort,28,Low Priority,0-15
LN1618,Daniel Leblanc,432009,15,1,Low,0.75,Kristenport,42,Medium,0-15
LN1619,Regina Miller,434758,45,3,Mid,0.9,Tiffanyburgh,21,Low Priority,31-45
LN1620,Brianna Holden,178763,0,0,Low,0.95,Cannonmouth,70,High Priority,0-15
LN1621,Ryan Arellano,187849,45,0,High,0.42,Hardyport,41,Medium,31-45
LN1622,Kathleen Love,171094,30,0,Mid,0.32,Jacobburgh,34,Low Priority,16-30
LN1623,Maria Harrison,256994,60,0,High,0.41,East Randallfurt,34,Low Priority,45+
LN1624,Jacob Ryan,432918,60,3,Low,0.83,Julieview,4,Low Priority,45+
LN1625,Melanie Johnson,105744,30,0,Low,0.34,New Alyssa,27,Low Priority,16-30
LN1626,Jeffrey Dodson,146310,15,0,Mid,0.48,North Laurabury,48,Medium,0-15
LN1627,Craig Deleon,488947,15,0,High,0.93,South Kevinland,78,High Priority,0-15
LN1628,Mark Key,175801,60,0,Mid,0.45,West Heidifurt,28,Low Priority,45+
LN1629,Ms. Jessica Hernandez DDS,499336,0,3,Low,0.78,Adamsmouth,25,Low Priority,0-15
LN1630,Justin Medina,177608,90,0,Mid,0.71,West Charles,30,Low Priority,45+
LN1631,Adam Foley,435842,5,1,Low,0.6,Williamfort,38,Medium,0-15
LN1632,Peggy Graham,325142,90,2,Mid,0.85,Castroland,12,Low Priority,45+
LN1633,Timothy Parker,94601,60,0,Low,0.48,North Christopherberg,22,Low Priority,45+
LN1634,Linda Harris,193423,5,2,Low,0.35,East Erica,14,Low Priority,0-15
LN1635,Christian Johnson,182627,0,2,Mid,0.37,East Joycestad,24,Low Priority,0-15
LN1636,Mark Armstrong,391994,45,0,Mid,0.84,Tanyamouth,54,Medium,31-45
LN1637,Rebecca Jimenez,491017,45,0,Mid,0.33,New Nicholas,28,Low Priority,31-45
LN1638,Karen Obrien,266038,90,0,Mid,0.67,West Justin,28,Low Priority,45+
LN1639,Mary Phillips,445468,5,0,Low,0.98,Carrilloport,69,High Priority,0-15
LN1640,Dana Hernandez,239526,0,0,Mid,0.92,Jacobmouth,76,High Priority,0-15
LN1641,Pamela Graham,110453,30,3,Low,0.76,Davidbury,12,Low Priority,16-30
LN1642,Michael Williams,342286,5,1,Mid,0.93,Moorefurt,62,High Priority,0-15
LN1643,Wayne Maldonado,164228,30,1,Low,0.56,Gardnerville,26,Low Priority,16-30
LN1644,Wyatt Jackson,383898,120,0,Low,0.83,Kellyport,16,Low Priority,45+
LN1645,Rebecca Young,284852,0,0,Mid,0.83,West Justin,72,High Priority,0-15
LN1646,Brandon Rodriguez,198207,0,1,Mid,0.97,Wilsonmouth,66,High Priority,0-15
LN1647,Christopher Taylor,294441,15,0,High,0.74,West Nathaniel,69,High Priority,0-15
LN1648,Derrick Miller,271514,45,0,Mid,0.66,Angieshire,45,Medium,31-45
LN1649,Joseph Carlson,97603,90,0,Low,0.43,South Monique,8,Low Priority,45+
LN1650,Timothy Williams,408518,15,2,Mid,0.81,Donaldside,40,Medium,0-15
LN1651,Sherri Perry,121968,0,0,Low,0.45,Sherrystad,44,Medium,0-15
LN1652,Pamela Armstrong,480115,90,2,Mid,0.81,Chapmanburgh,10,Low Priority,45+
LN1653,Heather Miller,282318,5,0,Low,0.64,West Justin,52,Medium,0-15
LN1654,Jeanette Austin,367235,45,1,Low,0.32,South Kaitlynborough,8,Low Priority,31-45
LN1655,Joseph Obrien,54675,0,1,Mid,0.89,South Leslie,62,High Priority,0-15
LN1656,John Hays,459030,0,1,High,0.68,Amybury,60,High Priority,0-15
LN1657,Robert Alexander,385735,0,0,Mid,0.9,New Margaret,75,High Priority,0-15
LN1658,Jackson Pham,262188,90,1,High,0.46,Baldwinstad,13,Low Priority,45+
LN1659,Jason Edwards,314442,60,0,Low,0.5,Robertside,23,Low Priority,45+
LN1660,Hunter Howell,347031,45,0,Low,0.52,South Matthew,30,Low Priority,31-45
LN1661,Larry Melton,409570,60,3,Mid,0.47,Victorialand,0,Low Priority,45+
LN1662,Mark Smith,429415,0,0,Low,0.51,New Melaniebury,48,Medium,0-15
LN1663,Tabitha Lewis,248634,5,2,Mid,0.91,Jonathonmouth,50,Medium,0-15
LN1664,Brittany Smith,174692,0,1,Low,0.6,Wrightburgh,40,Medium,0-15
LN1665,Luke Miller Jr.,101938,30,0,Low,0.57,Lake Joshua,38,Medium,16-30
LN1666,Michael Schroeder,66220,45,1,Low,0.85,Port Stephanieville,34,Low Priority,31-45
LN1667,Christopher Gilbert,386389,30,3,Low,0.96,Brownland,22,Low Priority,16-30
LN1668,Richard Travis,270216,120,0,Mid,0.43,East Mark,4,Low Priority,45+
LN1669,James Glover,430117,15,3,Mid,0.43,Whiteton,10,Low Priority,0-15
LN1670,Roger Soto,148467,5,0,Low,0.48,West Stacy,44,Medium,0-15
LN1671,Caitlin Scott,65833,15,1,Mid,0.68,South Gabrielle,46,Medium,0-15
LN1672,Christopher Jones,370373,90,1,Low,0.35,Clarkport,0,Low Priority,45+
LN1673,Brooke Mendoza,50949,0,0,Mid,0.62,Millsstad,61,High Priority,0-15
LN1674,Lisa Mays,252930,30,0,Low,0.98,Lake Mary,59,Medium,16-30
LN1675,Laura Robbins,185582,15,0,Mid,0.71,Michaelton,60,High Priority,0-15
LN1676,Victor Wallace,450179,0,0,Low,0.38,Feliciaport,41,Medium,0-15
LN1677,Edward Wong,493048,0,2,Mid,0.92,Port Brianside,52,Medium,0-15
LN1678,Fernando Maynard,381719,15,1,Mid,0.59,South Travis,42,Medium,0-15
LN1679,Jeremy Cabrera,80272,5,2,Mid,0.96,Keithfort,52,Medium,0-15
LN1680,Teresa Carter,126121,5,1,Low,0.77,Sweeneyfort,46,Medium,0-15
LN1681,Daniel Hanson,356047,30,0,Mid,0.53,Robertsside,44,Medium,16-30
LN1682,Kevin Watson,202003,30,2,Mid,0.48,North Victoria,18,Low Priority,16-30
LN1683,James Hill,351356,15,0,High,0.46,West Brian,55,Medium,0-15
LN1684,Paul Welch,24138,30,0,Mid,0.36,New Jameschester,36,Medium,16-30
LN1685,James Torres,241552,45,0,High,0.32,Shannonstad,36,Medium,31-45
LN1686,Julie Hughes,80128,0,0,Low,0.34,Marissachester,39,Medium,0-15
LN1687,Courtney Wilcox,355932,5,0,Mid,0.72,Harrisberg,64,High Priority,0-15
LN1688,Ms. Maria Lewis,54397,90,1,High,0.88,North Jaime,34,Low Priority,45+
LN1689,Carolyn Roberts,420826,0,1,Low,0.66,North Michael,43,Medium,0-15
LN1690,Hannah Murphy,283158,30,0,Low,0.56,Fisherstad,38,Medium,16-30
LN1691,Anthony Woodard,194588,15,0,Low,0.56,Smithstad,44,Medium,0-15
LN1692,Jonathan Choi,373973,60,0,Mid,0.59,West Samantha,36,Medium,45+
LN1693,Paula Vaughn,302169,0,1,Mid,0.61,Kimberg,48,Medium,0-15
LN1694,Luis Mann,150299,0,1,Mid,0.65,Boydside,50,Medium,0-15
LN1695,Abigail Robertson,292895,5,0,Low,0.65,Duartefurt,52,Medium,0-15
LN1696,Benjamin Hoffman,121948,15,0,Low,0.5,North Adam,41,Medium,0-15
LN1697,Anita Kaufman,317986,5,1,Low,0.41,Lake Tiffany,28,Low Priority,0-15
LN1698,Timothy Bennett,287247,15,1,High,0.82,Ryanburgh,61,High Priority,0-15
LN1699,Jeremy Bolton,477666,45,1,Low,0.5,Lake Ann,17,Low Priority,31-45
LN1700,Kelly Curry,22187,0,0,Mid,0.55,Port Crystal,58,Medium,0-15
LN1701,Todd Haley,146270,0,2,High,0.45,Masonberg,36,Medium,0-15
LN1702,Meghan Martinez,261503,45,1,Low,0.49,Aaronport,16,Low Priority,31-45
LN1703,Regina Peck,424303,60,0,Low,0.69,Brookefort,32,Low Priority,45+
LN1704,Amber Santana,366658,5,0,Mid,0.92,Wilsonfort,74,High Priority,0-15
LN1705,Jennifer Vazquez,255595,60,1,Mid,0.73,Lake Katie,30,Low Priority,45+
LN1706,Rhonda Foster,394044,15,0,Mid,0.57,Simonmouth,52,Medium,0-15
LN1707,Anna White,205388,0,0,Mid,0.81,Kristinashire,70,High Priority,0-15
LN1708,Joshua French,195121,0,0,Low,0.59,East Brittany,52,Medium,0-15
LN1709,Kenneth Foster,485833,60,0,Mid,0.71,Jenniferberg,42,Medium,45+
LN1710,Jillian Bryan,49345,15,1,Low,0.34,Katherineshire,21,Low Priority,0-15
LN1711,Kathy Ortiz,198933,0,0,Mid,0.7,South Jennifer,65,High Priority,0-15
LN1712,Timothy Horton,194442,15,0,Mid,0.68,West Angelaton,58,Medium,0-15
LN1713,Jamie Gutierrez,100201,5,1,Low,0.53,South Kristinport,34,Low Priority,0-15
LN1714,Cory Hanson,253612,60,1,Mid,0.38,North Susan,13,Low Priority,45+
LN1715,Troy Martinez,222160,15,2,Mid,0.99,Doylemouth,50,Medium,0-15
LN1716,Sheila Collier,353840,0,0,High,0.44,Banksburgh,60,High Priority,0-15
LN1717,Mark Pitts,131718,5,0,Mid,0.35,Dodsonhaven,46,Medium,0-15
LN1718,Mary Gilmore,70940,5,2,Low,0.8,Johnathantown,36,Medium,0-15
LN1719,Theresa Peters,422575,0,1,Mid,0.89,Rayville,62,High Priority,0-15
LN1720,Diana Walker,446488,60,0,Low,0.5,North Vickibury,23,Low Priority,45+
LN1721,Maria Griffin,377574,15,0,High,0.92,North Kristenmouth,78,High Priority,0-15
LN1722,Heather Oliver,24994,0,0,Mid,0.31,South George,46,Medium,0-15
LN1723,Jason Kim,464975,0,0,Mid,0.43,Lake Gail,52,Medium,0-15
LN1724,Nancy Norman,189831,90,0,Mid,0.35,New Keith,12,Low Priority,45+
LN1725,Eric Miller,461153,15,3,Low,0.96,New Jasonstad,28,Low Priority,0-15
LN1726,James Woods,440162,0,0,Low,0.35,Port Ashley,40,Medium,0-15
LN1727,Jessica Mills,309341,5,0,Low,0.54,Mitchelltown,47,Medium,0-15
LN1728,Kim Barnes,403071,0,0,Mid,0.64,North Juan,62,High Priority,0-15
LN1729,Anthony Ortiz,296827,30,0,Low,0.33,Cordovafurt,26,Low Priority,16-30
LN1730,Jason Anderson,374211,45,0,Mid,0.83,Catherinefort,54,Medium,31-45
LN1731,Melissa Murphy,121158,30,1,Low,0.45,West Thomashaven,20,Low Priority,16-30
LN1732,Stacy English,454219,30,0,Low,0.92,West David,56,Medium,16-30
LN1733,Tamara Shaw,448956,0,0,Mid,0.6,Tracyshire,60,High Priority,0-15
LN1734,Carlos Nguyen,65913,60,0,Mid,0.41,Port Danielleton,26,Low Priority,45+
LN1735,Michael Jackson,210121,5,1,Low,0.71,New Kathy,44,Medium,0-15
LN1736,April Jackson,320856,0,0,Mid,0.94,West Carolport,77,High Priority,0-15
LN1737,Mrs. Jessica Holland,456523,30,0,Mid,0.39,Loriburgh,38,Medium,16-30
LN1738,Shane Nelson,69522,45,1,Mid,0.49,New Zoehaven,24,Low Priority,31-45
LN1739,Alan Smith,441669,15,1,Mid,0.46,Lake Stephanietown,35,Medium,0-15
LN1740,Ryan Morris,182781,0,0,Mid,0.45,Pamelaside,52,Medium,0-15
LN1741,Sara Myers,399747,45,0,Mid,0.88,Port George,56,Medium,31-45
LN1742,Adam Fisher,437247,45,0,Low,0.79,Rachelside,44,Medium,31-45
LN1743,Kathryn Henry,282347,0,0,Mid,0.48,Kirbyland,54,Medium,0-15
LN1744,Brian Johnson,362908,60,0,Mid,0.33,South Luke,22,Low Priority,45+
LN1745,Heather Martinez,446673,45,0,Low,0.66,South Willieview,37,Medium,31-45
LN1746,Nicholas Petty,118046,60,3,High,0.89,New Mackenzie,22,Low Priority,45+
LN1747,Andrew Rodriguez,481130,45,1,High,0.88,Simpsonborough,52,Medium,31-45
LN1748,James Reed,95403,5,1,High,0.9,Michaelstad,69,High Priority,0-15
LN1749,Jonathan Benson,319372,15,0,Low,0.52,Monicaside,42,Medium,0-15
LN1750,Christine Garcia,448834,0,0,Mid,0.7,South Amy,65,High Priority,0-15
LN1751,Kristen Cantrell,165406,0,0,Low,0.31,West Patrick,38,Medium,0-15
LN1752,Perry Stokes,446903,30,1,Low,0.89,Patriciamouth,42,Medium,16-30
LN1753,David Gordon,103178,0,2,Mid,0.58,Hunterton,35,Medium,0-15
LN1754,Ashlee Parker,409458,15,3,Mid,0.61,Lloydmouth,18,Low Priority,0-15
LN1755,Jose Brown,53340,5,0,Mid,0.95,North Laurenhaven,76,High Priority,0-15
LN1756,Zachary Jones,287885,5,1,Mid,0.63,Petersenburgh,48,Medium,0-15
LN1757,Chase Scott,304308,120,1,High,0.8,Millerview,18,Low Priority,45+
LN1758,Jesse Franklin,99768,15,2,High,0.55,Lake Natalieburgh,36,Medium,0-15
LN1759,Monique Lopez,345329,0,2,Mid,0.34,East Breannaside,23,Low Priority,0-15
LN1760,Manuel Payne,413786,30,1,Low,0.41,Port Stacey,18,Low Priority,16-30
LN1761,John Gould,346719,45,0,Low,0.33,South Jennifer,20,Low Priority,31-45
LN1762,William Cruz,81169,30,1,Low,0.31,Vaughnberg,14,Low Priority,16-30
LN1763,Kathryn Carroll,234127,0,0,Mid,0.62,South Dianabury,61,High Priority,0-15
LN1764,Anthony Davis,155699,90,0,Mid,0.58,Danielbury,23,Low Priority,45+
LN1765,Daniel Delgado,39404,15,1,Mid,0.35,Port Nicole,30,Low Priority,0-15
LN1766,Lauren Osborne,390250,15,0,Low,0.32,Stevenmouth,32,Low Priority,0-15
LN1767,Michele Anderson,371193,0,1,High,0.92,Susanfort,72,High Priority,0-15
LN1768,Jose Lopez,491869,15,0,High,0.78,North Andrewside,71,High Priority,0-15
LN1769,Lisa Martin,341690,30,0,High,1.0,Sheaburgh,76,High Priority,16-30
LN1770,David Watts,193860,60,1,High,0.63,Owensville,34,Low Priority,45+
LN1771,David Williams,440446,45,0,Low,0.6,Port Kimberlyburgh,34,Low Priority,31-45
LN1772,David Henry,396075,45,2,High,0.36,Lake Mark,14,Low Priority,31-45
LN1773,Amber Chan,447530,45,0,Low,0.63,East Michelleview,36,Medium,31-45
LN1774,James Lee,220753,0,0,Low,0.4,South Kelsey,42,Medium,0-15
LN1775,Jose Jones,253346,120,0,Low,0.31,South Erichaven,0,Low Priority,45+
LN1776,Dawn Rose,251318,45,0,Low,0.46,North Christianfort,27,Low Priority,31-45
LN1777,Danielle Graham,193115,45,0,Low,0.51,Vincentberg,30,Low Priority,31-45
LN1778,Patricia Berry,155203,0,1,Low,0.54,Port Shellychester,37,Medium,0-15
LN1779,Mr. Mark Stewart,169886,120,0,Low,0.88,Olsonstad,18,Low Priority,45+
LN1780,Elizabeth Morris,65066,15,1,Low,0.71,South William,40,Medium,0-15
LN1781,Aimee Lynch,86983,5,0,Low,0.42,North Ralph,41,Medium,0-15
LN1782,John Dominguez,189302,0,0,Low,0.88,Taylorshire,66,High Priority,0-15
LN1783,Austin Wallace,423561,0,0,Low,0.54,Port Jillian,49,Medium,0-15
LN1784,Cameron Thomas,441234,120,1,Low,0.33,Kimberlyville,0,Low Priority,45+
LN1785,Lisa Parker,78870,45,3,High,0.56,Johnathanfort,12,Low Priority,31-45
LN1786,Edwin Fletcher,441594,15,0,Mid,0.69,Kristinamouth,58,Medium,0-15
LN1787,Christopher Barnes,137797,45,0,High,0.58,Taraview,49,Medium,31-45
LN1788,John Murphy,484310,30,0,Mid,0.93,Newmanmouth,64,High Priority,16-30
LN1789,Jeffrey Blevins,143728,45,0,Mid,0.66,Rodriguezfort,45,Medium,31-45
LN1790,Kristen Sutton,446253,30,0,Mid,0.56,West Leahshire,46,Medium,16-30
LN1791,Daniel Williams,218303,0,0,High,0.42,Shirleystad,59,Medium,0-15
LN1792,Andrew Greene,74722,0,0,High,0.5,South Tamarastad,63,High Priority,0-15
LN1793,Jose Pacheco,346053,90,0,Low,0.56,East Josephburgh,14,Low Priority,45+
LN1794,Andrea Clark,31874,90,2,Low,0.81,New Kevinfort,2,Low Priority,45+
LN1795,Keith Berry,462716,45,0,Mid,0.45,Daniellefurt,34,Low Priority,31-45
LN1796,Joshua Hale,311581,15,0,Mid,0.83,Jenniferfort,66,High Priority,0-15
LN1797,Mrs. Amanda Mcguire,298060,60,1,Mid,0.83,South Shelley,36,Medium,45+
LN1798,Erika Frazier,325077,0,0,Low,0.51,South Lauramouth,48,Medium,0-15
LN1799,Thomas Porter,123751,60,0,Low,0.45,East Peterfurt,20,Low Priority,45+
LN1800,William Ross,490489,45,0,Low,0.84,Port Ryanhaven,46,Medium,31-45
LN1801,John Cooke,431324,0,0,Mid,0.72,Youngview,66,High Priority,0-15
LN1802,Dana Mckinney,217478,90,0,Mid,0.63,Port Roberthaven,26,Low Priority,45+
LN1803,Mrs. Lisa May,377546,0,0,Low,0.66,Tonyton,55,Medium,0-15
LN1804,Brenda Schultz,92307,30,0,Mid,0.39,South Carlberg,38,Medium,16-30
LN1805,Michelle Mckee,456607,0,0,Mid,0.89,Tranland,74,High Priority,0-15
LN1806,Gary Smith,170528,45,1,Low,0.54,South Zacharyville,19,Low Priority,31-45
LN1807,Jaime Becker,476843,30,0,Mid,0.5,Clarkville,43,Medium,16-30
LN1808,Heidi Brady,166621,30,1,Low,0.34,Deniseberg,15,Low Priority,16-30
LN1809,Matthew Ruiz,473222,0,1,Low,0.77,Port Clayton,48,Medium,0-15
LN1810,Zachary Harris,482676,45,2,Low,0.52,Tiffanystad,6,Low Priority,31-45
LN1811,Lisa Ferguson,176140,45,0,Mid,0.46,Lake Josephberg,35,Medium,31-45
LN1812,Derek Garcia,174455,0,3,Mid,0.95,North Alyssa,42,Medium,0-15
LN1813,Margaret Ramirez DDS,30234,30,1,Low,0.89,Amyville,42,Medium,16-30
LN1814,Thomas Fernandez,96918,15,0,Low,0.94,Lake Kathrynmouth,63,High Priority,0-15
LN1815,Mark Dixon,228547,90,0,Mid,0.79,Franciscoview,34,Low Priority,45+
LN1816,Amber Castaneda,58134,5,1,Low,0.4,Haileychester,28,Low Priority,0-15
LN1817,Nicole Lee,246999,5,0,Low,0.88,Port Joseph,64,High Priority,0-15
LN1818,Tyler Reese,276446,120,2,Mid,0.44,Marshallchester,0,Low Priority,45+
LN1819,Ariel Kerr,405946,0,0,Mid,0.41,Hoganbury,50,Medium,0-15
LN1820,Melissa Odonnell,272557,5,2,Low,0.3,West Daltonmouth,11,Low Priority,0-15
LN1821,Lisa Sharp,182421,30,1,Mid,0.7,South Joan,41,Medium,16-30
LN1822,Angela Hamilton,290146,0,0,High,0.85,New Alexismouth,80,High Priority,0-15
LN1823,Corey Odom,496322,0,1,Mid,0.58,Valerieburgh,47,Medium,0-15
LN1824,Lisa Novak,300926,5,1,Low,0.51,Brianshire,34,Low Priority,0-15
LN1825,Ashley Pierce,26511,0,0,Low,0.54,Robertport,49,Medium,0-15
LN1826,Ronald Stout,131576,60,1,Low,0.64,New Johnchester,18,Low Priority,45+
LN1827,Kurt Ryan,459155,0,0,Low,0.72,Youngmouth,58,Medium,0-15
LN1828,Michael Morgan,45901,30,0,Low,0.55,East Jamesborough,38,Medium,16-30
LN1829,Jamie Scott DVM,377226,5,1,Mid,0.95,South Virginia,64,High Priority,0-15
LN1830,Richard Delgado,269819,60,0,Mid,0.59,East Noah,36,Medium,45+
LN1831,Sarah Jones,161449,5,0,High,0.86,Barrettview,79,High Priority,0-15
LN1832,Reginald Fisher,382500,0,0,Low,0.36,West Stacy,40,Medium,0-15
LN1833,Dorothy Berry,433532,0,2,Mid,0.79,Lake Rebecca,46,Medium,0-15
LN1834,Joshua Alvarez,22866,30,0,Low,0.42,Waltershire,31,Low Priority,16-30
LN1835,Brian Silva,463258,30,0,Low,0.6,West Ronaldmouth,40,Medium,16-30
LN1836,Christopher Ellis,137192,0,1,Low,0.4,East Tinashire,30,Low Priority,0-15
LN1837,Darlene Olson,452670,0,1,Mid,0.46,Reynoldsland,41,Medium,0-15
LN1838,Andrea Jones,358030,15,0,Mid,0.93,Lake Maria,70,High Priority,0-15
LN1839,Katherine Jones,287598,45,0,Low,0.55,Contrerasborough,32,Low Priority,31-45
LN1840,Amanda Nguyen,236750,0,0,Low,0.88,North Ashley,66,High Priority,0-15
LN1841,James Green,270351,15,1,Low,0.57,Shelbymouth,32,Low Priority,0-15
LN1842,Alexis Rodriguez MD,261084,15,1,Mid,0.49,West Jacob,36,Medium,0-15
LN1843,James Rodriguez,119319,90,0,High,0.78,Navarroberg,41,Medium,45+
LN1844,Parker Rangel,355064,30,2,Low,0.47,Randyshire,10,Low Priority,16-30
LN1845,Steve Lynch,481370,30,3,Mid,0.8,Torreshaven,22,Low Priority,16-30
LN1846,Barbara Harris,411180,0,0,Mid,0.84,Brianview,72,High Priority,0-15
LN1847,Melissa Stephens,428302,30,0,Low,0.69,East Walterberg,44,Medium,16-30
LN1848,Cassandra Jones,60863,90,0,Low,0.61,Robinbury,16,Low Priority,45+
LN1849,Thomas Diaz,408422,0,0,Low,0.59,North Timothyshire,52,Medium,0-15
LN1850,Damon Turner,199001,15,0,Low,0.5,East Heatherbury,41,Medium,0-15
LN1851,Jordan Barnes,250183,0,1,Low,0.59,Lake Shannon,40,Medium,0-15
LN1852,Donald Reed,396671,60,0,Low,0.65,West Johntown,30,Low Priority,45+
LN1853,Anthony Lopez,196298,0,0,High,0.34,West Beth,55,Medium,0-15
LN1854,Megan Kramer,78219,60,1,Mid,0.58,Christophershire,23,Low Priority,45+
LN1855,Kelly Williams,357353,5,0,Mid,0.58,Yangshire,57,Medium,0-15
LN1856,Sandra Stanley,261249,45,0,High,0.68,Hicksfurt,54,Medium,31-45
LN1857,James Guzman,283801,0,0,Mid,0.65,Johnchester,62,High Priority,0-15
LN1858,Kelly Hall,255113,45,0,Mid,0.52,New Stephenburgh,38,Medium,31-45
LN1859,Amy Thompson,209651,0,2,Mid,0.88,Melanietown,50,Medium,0-15
LN1860,Ralph Mitchell,352586,90,3,Low,0.81,Chenfurt,0,Low Priority,45+
LN1861,Michael Johnson DVM,462244,60,1,Mid,0.39,North Yolanda,14,Low Priority,45+
LN1862,Mrs. Jacqueline Smith,235189,45,0,High,0.32,Lindatown,36,Medium,31-45
LN1863,Jonathan Young,76635,0,0,Mid,0.51,Welchland,56,Medium,0-15
LN1864,Deborah Johnson,438632,0,1,Low,0.52,Reynoldsburgh,36,Medium,0-15
LN1865,Cheryl Guzman,328479,60,1,Low,0.7,Spencerview,21,Low Priority,45+
LN1866,Russell Young,367160,45,1,Mid,0.54,Vegachester,27,Low Priority,31-45
LN1867,Clarence Franklin,157854,0,1,Mid,0.41,Robertport,38,Medium,0-15
LN1868,Veronica Lopez,226946,0,1,High,0.51,Brandonside,52,Medium,0-15
LN1869,Nathan Smith,498928,0,2,High,0.59,South Elizabeth,44,Medium,0-15
LN1870,Alexander Richardson,386645,0,0,Low,0.9,Yangton,67,High Priority,0-15
LN1871,Amy Stevenson,356058,15,0,Mid,0.51,West Maryburgh,50,Medium,0-15
LN1872,Barbara Sanchez,436047,30,0,Mid,0.3,Sharphaven,33,Low Priority,16-30
LN1873,Brooke Johnson,418138,15,0,Mid,0.39,Gibsonfurt,44,Medium,0-15
LN1874,Eric Ramirez,294349,0,0,Mid,0.41,Lake Cassandra,50,Medium,0-15
LN1875,Jennifer Hayes,459358,0,0,High,0.95,North David,86,High Priority,0-15
LN1876,Lori Diaz,123119,0,0,Mid,0.5,Davisborough,55,Medium,0-15
LN1877,Darryl Roberts,375990,0,1,Low,0.64,East Jocelyn,42,Medium,0-15
LN1878,Brenda Page,408388,30,0,Mid,0.69,Kristaborough,52,Medium,16-30
LN1879,Peter Murray,294892,15,1,Mid,0.41,Garciafurt,32,Low Priority,0-15
LN1880,Steven Williams,361651,30,0,Mid,0.39,Rogersburgh,38,Medium,16-30
LN1881,Edward Johnston,150193,0,0,Low,0.79,Caitlinport,62,High Priority,0-15
LN1882,Emily Blake,346284,0,3,Low,0.54,Campbellside,13,Low Priority,0-15
LN1883,Erica Shepherd,115598,0,0,Mid,0.47,Bradleyborough,54,Medium,0-15
LN1884,Adam Blackwell,108302,45,0,Mid,0.37,North Alicia,30,Low Priority,31-45
LN1885,Jesse Chen,48164,0,1,Low,0.77,South Morganstad,48,Medium,0-15
LN1886,Daniel Fox,80380,120,0,Mid,0.65,Chantown,14,Low Priority,45+
LN1887,Jessica Keith,417891,90,1,Mid,0.7,Port April,17,Low Priority,45+
LN1888,Wesley Miller,74460,30,3,Mid,0.6,North Bryan,12,Low Priority,16-30
LN1889,Natalie Carlson,152233,5,0,Mid,0.9,East Katherineshire,73,High Priority,0-15
LN1890,Olivia Duncan,427974,90,1,High,0.69,Wrightport,24,Low Priority,45+
LN1891,Lisa Schwartz,439843,30,0,Low,0.63,Anaborough,42,Medium,16-30
LN1892,Joshua Glover,212458,120,0,Low,0.84,Mataton,16,Low Priority,45+
LN1893,Daniel Scott,435105,30,0,Low,0.5,Arnoldtown,35,Medium,16-30
LN1894,Sarah Smith,61777,30,1,Low,0.77,New Michaelton,36,Medium,16-30
LN1895,George Ward,35216,90,1,Low,0.3,East Erinmouth,0,Low Priority,45+
LN1896,Charles Ellis,230515,0,1,Low,0.78,Daughertymouth,49,Medium,0-15
LN1897,Miss Regina Kennedy,262471,5,1,Mid,0.48,New Brianmouth,40,Medium,0-15
LN1898,Barbara Potter,168725,0,1,High,0.33,Williammouth,42,Medium,0-15
LN1899,Melanie Ramirez,107592,120,0,Mid,0.59,Nicolemouth,12,Low Priority,45+
LN1900,Laura Brown,207464,15,0,Low,0.48,Colemanport,40,Medium,0-15
LN1901,James Molina,106803,15,1,Mid,0.81,Bautistaport,52,Medium,0-15
LN1902,Shari Deleon,214549,0,1,High,0.34,South Ian,43,Medium,0-15
LN1903,Stephanie Newton,34859,15,0,Low,0.55,North Susanland,44,Medium,0-15
LN1904,Laura Payne,301197,0,1,Low,0.94,Robinsonshire,57,Medium,0-15
LN1905,Linda Williams,434027,0,2,High,0.81,East Matthew,54,Medium,0-15
LN1906,Elizabeth Campbell,456862,30,2,Mid,0.77,Greeneborough,32,Low Priority,16-30
LN1907,April Farley,310979,30,0,Low,0.83,Port Anthonyberg,52,Medium,16-30
LN1908,Denise Kim,29615,0,1,Mid,0.72,Williamland,54,Medium,0-15
LN1909,Heather Campbell,54782,0,1,High,0.89,Port Coryberg,70,High Priority,0-15
LN1910,Suzanne Wilson,235356,5,0,Low,0.88,East Kimberly,64,High Priority,0-15
LN1911,Pamela Gibson,288782,15,0,High,0.75,Haleystad,70,High Priority,0-15
LN1912,Victoria Moore,207135,45,0,Low,0.8,New Todd,44,Medium,31-45
LN1913,Joanne Weaver,143664,15,0,Low,0.87,West Brittany,60,High Priority,0-15
LN1914,Connor Bowman,325442,60,0,High,0.57,Heathermouth,42,Medium,45+
LN1915,Veronica Phillips,54753,30,0,Low,0.37,Huffport,28,Low Priority,16-30
LN1916,Antonio Sheppard,445683,0,0,High,0.98,Marymouth,87,High Priority,0-15
LN1917,Keith Andrews,286186,15,2,High,0.71,Davidshire,44,Medium,0-15
LN1918,Andrew Harris,431840,5,0,Low,0.64,Tiffanyhaven,52,Medium,0-15
LN1919,Sean Wilson,274803,30,0,Low,0.74,South Antonioside,47,Medium,16-30
LN1920,Dr. John Allison,148674,30,0,Mid,0.48,East Carl,42,Medium,16-30
LN1921,Natalie Cannon,99526,60,0,Mid,0.73,South Erik,42,Medium,45+
LN1922,Autumn Bowen,255707,45,0,Mid,0.86,Fisherport,55,Medium,31-45
LN1923,Joshua Mason,358130,0,0,Mid,0.5,Davisburgh,55,Medium,0-15
LN1924,Stephen Nelson,458166,15,0,Low,0.34,Coxstad,33,Low Priority,0-15
LN1925,Amanda Brown,83014,90,0,Low,0.33,Lake Stephen,2,Low Priority,45+
LN1926,Lonnie Simmons,66121,45,0,Mid,0.78,East Richardbury,51,Medium,31-45
LN1927,James Brown,382355,5,1,High,0.87,Port Dakotafurt,68,High Priority,0-15
LN1928,Scott Dillon,21466,0,2,Low,0.94,Dominiquestad,45,Medium,0-15
LN1929,Jerry Bean,473955,0,1,Mid,0.55,Brittneyview,46,Medium,0-15
LN1930,James Mcgee,382100,15,1,High,0.98,New Antonio,69,High Priority,0-15
LN1931,Joshua Bell,339868,30,0,Mid,0.58,Shannonhaven,47,Medium,16-30
LN1932,Kevin Ford,141136,30,0,Low,0.69,Samanthahaven,44,Medium,16-30
LN1933,Brittany Dennis,440268,0,0,High,0.56,Kimberlyville,66,High Priority,0-15
LN1934,Steven Holloway,127573,15,0,Low,0.34,Williamsbury,33,Low Priority,0-15
LN1935,Zachary Turner,171899,120,0,Low,0.58,Bishopmouth,3,Low Priority,45+
LN1936,William Smith,165486,15,3,Low,0.73,West Brandon,16,Low Priority,0-15
LN1937,Douglas Stephens,428756,5,1,Low,0.87,Port Jeffrey,52,Medium,0-15
LN1938,Susan Hogan,338953,30,0,Low,0.43,Port Brian,32,Low Priority,16-30
LN1939,Angela Lloyd,103384,30,0,Mid,0.54,Medinaview,45,Medium,16-30
LN1940,Sherry Hendricks,288011,5,0,Mid,0.45,New Mariaton,50,Medium,0-15
LN1941,Brian Morales,422137,0,0,Low,0.37,Martinezmouth,40,Medium,0-15
LN1942,Andrea Williams,117799,5,1,Mid,0.36,Kennedyville,34,Low Priority,0-15
LN1943,Katie Newman,254778,15,0,Low,0.92,Pruittport,62,High Priority,0-15
LN1944,Melissa Fowler,31618,0,0,Mid,0.36,East Carrie,48,Medium,0-15
LN1945,Louis Gomez,156109,45,0,High,0.36,Port Sandrahaven,38,Medium,31-45
LN1946,David Scott,158442,45,2,Low,0.51,Lake Carolynburgh,6,Low Priority,31-45
LN1947,Nancy Riddle,48926,90,0,High,0.98,South Brian,51,Medium,45+
LN1948,Laura Hebert,146700,5,1,High,0.63,Port Aaronmouth,56,Medium,0-15
LN1949,Lisa Reed,228785,15,2,Mid,0.64,Lake Ashleeland,32,Low Priority,0-15
LN1950,Maria Brock,469764,45,1,Low,0.91,Port Michael,38,Medium,31-45
LN1951,Andrew Bryant,405867,45,0,Low,0.61,New Jennifer,34,Low Priority,31-45
LN1952,Patricia Moore,173267,0,0,Low,0.43,Port Justin,44,Medium,0-15
LN1953,Tracy White,462065,5,0,Mid,0.33,Lake Christopherhaven,44,Medium,0-15
LN1954,Charles Lester,247705,5,0,Low,0.65,West Danielburgh,52,Medium,0-15
LN1955,Christina Odonnell,168929,45,1,Mid,0.72,Tylermouth,36,Medium,31-45
LN1956,Chris Johnson,357462,0,2,Low,0.59,Williebury,28,Low Priority,0-15
LN1957,Anna White,229074,30,0,Low,0.34,Port Stevenville,27,Low Priority,16-30
LN1958,Spencer Cain,497910,45,0,High,0.68,Robertsview,54,Medium,31-45
LN1959,Andrew Singleton,143769,0,0,Low,0.43,Micheleville,44,Medium,0-15
LN1960,Alexandra Pearson,120699,0,0,Low,0.9,South Noahborough,67,High Priority,0-15
LN1961,Clifford Campbell,117628,15,0,High,0.4,Port Gregory,52,Medium,0-15
LN1962,Christopher Carter,370083,0,0,Mid,0.66,Seantown,63,High Priority,0-15
LN1963,Elizabeth Koch,342754,60,0,High,0.33,Cynthiaside,30,Low Priority,45+
LN1964,Kyle Mcdonald,480814,45,1,High,0.67,Johnstonport,42,Medium,31-45
LN1965,Nicholas Ortiz,111563,0,2,High,0.51,Gonzaleztown,40,Medium,0-15
LN1966,Kimberly Kaiser,187896,90,3,Mid,0.83,Fergusonview,0,Low Priority,45+
LN1967,Kathy Burch,89453,0,0,High,0.78,Tuckershire,77,High Priority,0-15
LN1968,Lisa Garcia,46026,0,2,Low,0.5,Lake Ryanfort,23,Low Priority,0-15
LN1969,Jeremy Rogers,133978,0,1,Mid,0.59,Knightfurt,48,Medium,0-15
LN1970,Katherine Jackson,106126,5,1,Mid,0.32,Port Danielville,32,Low Priority,0-15
LN1971,Adrian Reyes,82712,0,3,Mid,0.81,Jonesfort,34,Low Priority,0-15
LN1972,Alejandro Williams,261071,0,0,Low,0.34,New Reginaldview,39,Medium,0-15
LN1973,Mr. Eric Carroll,438641,45,1,Mid,0.63,West Reginaldmouth,32,Low Priority,31-45
LN1974,Amy Morse,324958,45,0,Mid,0.75,Lake Jessica,50,Medium,31-45
LN1975,John Elliott,41650,120,0,High,0.88,East Curtis,34,Low Priority,45+
LN1976,Mary Brown,226251,15,1,Mid,0.73,Carmenside,48,Medium,0-15
LN1977,James Patterson,338903,45,0,Mid,0.59,West Dawn,42,Medium,31-45
LN1978,Christy Taylor,234304,45,1,High,0.34,Lisaland,25,Low Priority,31-45
LN1979,Cassandra Parker,165817,60,1,Mid,0.77,Port Jesusfort,32,Low Priority,45+
LN1980,Mr. Andrew Lewis Jr.,363677,15,3,Low,0.77,East Ryan,18,Low Priority,0-15
LN1981,Mark Bailey,40923,120,0,Mid,0.7,South Danielburgh,17,Low Priority,45+
LN1982,Victoria Powell,416057,60,3,Low,0.55,Lake Joshua,0,Low Priority,45+
LN1983,Teresa Boyd,147039,30,1,Mid,0.96,Port Carolyn,54,Medium,16-30
LN1984,Andrew Galvan MD,23729,15,0,Mid,0.69,Carlsonview,58,Medium,0-15
LN1985,Carolyn Williams,434508,0,0,High,0.48,West Paigetown,62,High Priority,0-15
LN1986,Brian Singleton,41638,45,0,Low,0.79,South Charlesland,44,Medium,31-45
LN1987,Nicole Howell,54924,5,0,Mid,0.39,New Charles,48,Medium,0-15
LN1988,Derek Guzman,490192,0,0,Mid,0.72,South Michael,66,High Priority,0-15
LN1989,Joan Perez,174536,0,0,Mid,0.94,Jacobshire,77,High Priority,0-15
LN1990,Donna May,125468,30,0,Mid,0.96,West Robertshire,66,High Priority,16-30
LN1991,James Lopez,418838,15,0,Low,0.8,New Allisonfort,56,Medium,0-15
LN1992,William Lewis,341395,5,0,High,0.44,East Meredithbury,58,Medium,0-15
LN1993,Thomas Young,464844,15,0,Mid,0.52,West Stefanie,50,Medium,0-15
LN1994,Scott Russell,85756,45,0,Mid,0.94,Hartton,59,Medium,31-45
LN1995,Michelle Branch,455840,5,0,Low,0.85,Douglasland,62,High Priority,0-15
LN1996,Joanne Reilly,402353,5,0,Mid,0.6,Port Jill,58,Medium,0-15
LN1997,Mrs. Brenda Anderson DDS,296319,45,0,Mid,0.84,Robertberg,54,Medium,31-45
LN1998,Bradley Riley,259608,0,0,Mid,0.87,Michaelfort,74,High Priority,0-15
LN1999,Joshua Hale,312878,5,2,Low,0.51,North Meganfurt,22,Low Priority,0-15
LN2000,John Meyer,47856,0,0,High,0.62,North Jillstad,69,High Priority,0-15
LN2001,Amanda Edwards,86323,45,2,High,0.31,East Jenniferland,12,Low Priority,31-45
LN2002,Lisa Miller,355468,30,0,High,0.33,Danielhaven,42,Medium,16-30
LN2003,Christine Webb,27533,0,0,Low,0.93,Port Lauren,68,High Priority,0-15
LN2004,Jamie Smith,371529,60,0,Mid,0.47,Morganside,30,Low Priority,45+
LN2005,John Sherman,474647,0,0,Mid,0.95,West Cynthia,78,High Priority,0-15
LN2006,Maria Cobb,62598,90,1,High,0.51,New Heidiport,16,Low Priority,45+
LN2007,Mrs. Ashley Camacho,151250,60,0,Low,0.53,Cuevasfurt,24,Low Priority,45+
LN2008,Brandi Harding,117462,0,1,Mid,0.7,Lake Matthewmouth,53,Medium,0-15
LN2009,Katherine Rhodes,152201,30,0,Low,0.44,Lake Daniel,32,Low Priority,16-30
LN2010,Sara Smith,166259,30,0,Mid,0.49,East Jennifer,42,Medium,16-30
LN2011,Rachel Simmons,119694,60,1,High,0.86,West Sean,45,Medium,45+
LN2012,Susan Lopez,21515,60,1,Low,0.97,West Amyfurt,34,Low Priority,45+
LN2013,Robin White,404518,0,1,High,0.49,Sharonland,50,Medium,0-15
LN2014,Debra Valdez,74962,0,0,High,0.91,South Christinabury,84,High Priority,0-15
LN2015,David Pham,441566,60,2,Mid,0.49,Port Jeffreymouth,6,Low Priority,45+
LN2016,Heather Rosales,344101,30,2,Mid,0.53,Griffinton,20,Low Priority,16-30
LN2017,Travis Shaffer,410992,30,0,Low,0.51,West Katherine,36,Medium,16-30
LN2018,Jill Ellis,389947,45,2,Low,0.97,Stephaniechester,28,Low Priority,31-45
LN2019,Laura Alvarez,394804,30,0,High,0.91,Jessicamouth,72,High Priority,16-30
LN2020,Melissa Craig,72335,5,2,Low,0.79,New Gabriel,36,Medium,0-15
LN2021,Alan Price,167646,0,1,Mid,0.75,Stricklandmouth,56,Medium,0-15
LN2022,Crystal Cole,91916,0,1,Mid,0.89,Port Daniel,62,High Priority,0-15
LN2023,Heather Estes,433867,0,1,Mid,0.75,South Susan,56,Medium,0-15
LN2024,Daniel Brown,276574,30,0,Mid,0.62,Rubiobury,49,Medium,16-30
LN2025,Carolyn Arnold,431012,120,2,High,0.58,New Brianaberg,0,Low Priority,45+
LN2026,Wesley Andrews,191277,30,1,Low,0.92,New Rhonda,44,Medium,16-30
LN2027,Laura Sweeney,148023,0,1,Low,0.53,Johnchester,36,Medium,0-15
LN2028,Douglas Wells,297530,30,1,Low,0.47,East Alyssa,22,Low Priority,16-30
LN2029,Daniel Harris,198734,60,0,High,0.71,Braunborough,50,Medium,45+
LN2030,Christopher Thomas,428797,60,0,Low,0.48,Duranland,22,Low Priority,45+
LN2031,Brittany Hill,440173,5,0,Mid,0.92,Whiteheadberg,74,High Priority,0-15
LN2032,Jason Martin,138686,0,0,Low,0.58,New Joshuamouth,51,Medium,0-15
LN2033,Shannon Hickman,51105,0,1,Mid,0.59,Deannaville,48,Medium,0-15
LN2034,Tim Thompson,333940,5,1,High,0.9,East Jeffrey,69,High Priority,0-15
LN2035,Rachel Patterson,383647,5,0,Low,0.83,East Hannah,62,High Priority,0-15
LN2036,Heather Sullivan,266356,30,1,Low,0.89,Port Robert,42,Medium,16-30
LN2037,Alyssa Cruz,371300,60,0,Low,0.44,Victoriahaven,20,Low Priority,45+
LN2038,Debra Jackson,86985,0,0,High,0.89,East Patriciahaven,82,High Priority,0-15
LN2039,Dominique Cunningham,469813,45,1,Mid,0.91,Vargasborough,46,Medium,31-45
LN2040,William Webster,46950,60,0,Low,0.66,West Lori,31,Low Priority,45+
LN2041,Sara Davis,350833,0,1,Mid,0.46,Port Michael,41,Medium,0-15
LN2042,Kim Maddox,498646,0,3,Low,0.34,East Sharonberg,3,Low Priority,0-15
LN2043,Jennifer Odonnell,260489,0,1,Low,0.62,Bowmantown,41,Medium,0-15
LN2044,Willie Cunningham,353936,5,1,Mid,0.9,Salinasside,61,High Priority,0-15
LN2045,Tony Martinez,315830,30,0,Mid,0.33,Shawfurt,34,Low Priority,16-30
LN2046,Tony Hill,382566,15,3,Mid,0.47,North Lisa,12,Low Priority,0-15
LN2047,Anthony Williams,298720,60,0,High,0.49,Stevenchester,38,Medium,45+
LN2048,Joseph Davis,124186,5,3,Low,0.31,Alexandermouth,0,Low Priority,0-15
LN2049,Kaitlyn Schmitt,374835,45,0,Low,0.47,Washingtonfort,28,Low Priority,31-45
LN2050,Brenda Richardson,221239,15,0,Mid,0.34,Port Johnville,41,Medium,0-15
LN2051,Amanda Greene,224603,5,0,High,0.93,North Erika,82,High Priority,0-15
LN2052,Kathryn Weiss,179132,30,0,High,0.54,North Curtis,53,Medium,16-30
LN2053,Andrew Gilmore,178097,0,0,Low,0.42,Huffmanshire,43,Medium,0-15
LN2054,Stephen Hall,365197,60,1,Low,0.53,South Beth,12,Low Priority,45+
LN2055,Wendy Young,46081,60,0,High,0.68,Phillipsfurt,48,Medium,45+
LN2056,Joseph Riley,439748,0,0,Mid,0.4,Sherryfort,50,Medium,0-15
LN2057,Jeanne Fowler,52634,60,0,Mid,0.84,North Samuelhaven,48,Medium,45+
LN2058,Eileen Peck,462953,15,0,High,0.99,East Jasmineton,82,High Priority,0-15
LN2059,Patrick King,411860,0,0,Low,0.58,Port Shanebury,51,Medium,0-15
LN2060,Melissa Davis,98863,0,1,Low,0.52,West Michelebury,36,Medium,0-15
LN2061,Sydney Frost,231428,45,1,Mid,0.76,Sabrinafurt,38,Medium,31-45
LN2062,Jimmy Brown,270606,15,0,Low,0.59,Deborahville,46,Medium,0-15
LN2063,Justin Decker,90934,90,0,Low,0.98,Murrayburgh,35,Medium,45+
LN2064,Sean Beard,404096,0,0,Low,0.96,Lake Samuel,70,High Priority,0-15
LN2065,David Smith,388444,15,1,Mid,0.73,North Mary,48,Medium,0-15
LN2066,Felicia Jones,367855,45,0,Mid,0.43,North Maureen,34,Low Priority,31-45
LN2067,Jennifer Kelly,127041,15,0,Mid,0.88,East Edwardbury,68,High Priority,0-15
LN2068,Christopher Stanley,141118,45,0,Low,0.52,Peterfurt,30,Low Priority,31-45
LN2069,Monica Watkins,128255,60,1,High,0.78,Hernandezchester,41,Medium,45+
LN2070,Patty Molina,262580,5,0,Low,0.47,Lake Patrick,44,Medium,0-15
LN2071,James Marshall,419017,15,2,Mid,0.67,North Courtneyburgh,34,Low Priority,0-15
LN2072,Shelby Smith,163933,45,0,Mid,0.86,North Paulburgh,55,Medium,31-45
LN2073,David Richardson,470689,5,0,Mid,0.44,West Harold,50,Medium,0-15
LN2074,Jessica Medina,75739,0,1,Low,0.34,Williamsview,27,Low Priority,0-15
LN2075,Jeffrey Mitchell,327300,5,0,Low,0.68,Lake Aliciachester,54,Medium,0-15
LN2076,Joshua James,130957,0,0,High,0.3,Port Richardborough,53,Medium,0-15
LN2077,Lee Kim,430488,0,1,Low,0.38,Lake Donald,29,Low Priority,0-15
LN2078,Amanda Woods,436561,90,0,Mid,0.68,West Stephanie,28,Low Priority,45+
LN2079,Drew Hill,360662,0,0,High,0.81,Brettville,78,High Priority,0-15
LN2080,Robert Beck,326899,60,0,Low,0.83,Thomasmouth,40,Medium,45+
LN2081,William Smith,356606,0,0,Mid,0.71,Grahamview,66,High Priority,0-15
LN2082,Megan Thompson,314507,0,0,Mid,0.46,Georgeshire,53,Medium,0-15
LN2083,James Patel,57394,0,0,Mid,0.48,South Erin,54,Medium,0-15
LN2084,Felicia Castaneda,429008,5,0,Low,0.94,Michaeltown,67,High Priority,0-15
LN2085,Mary Gomez,483120,0,0,Low,0.81,Kathyton,62,High Priority,0-15
LN2086,Mindy Hubbard,174672,45,0,Mid,0.96,Boltonstad,60,High Priority,31-45
LN2087,Stacy Sosa,197926,5,0,Low,0.82,Kentport,61,High Priority,0-15
LN2088,Rachel Jones,160416,0,0,Mid,0.62,West Elizabethhaven,61,High Priority,0-15
LN2089,Gary Robinson,285372,15,1,Mid,0.76,Port Nathanside,50,Medium,0-15
LN2090,Hannah Hernandez,62317,15,0,Low,0.82,Fisherport,57,Medium,0-15
LN2091,Lisa Levy,266060,5,0,Mid,0.58,Delgadoborough,57,Medium,0-15
LN2092,Victoria Hall,462765,45,0,High,0.67,Jameschester,54,Medium,31-45
LN2093,Luis Gardner,40045,0,0,Low,0.44,South Brian,44,Medium,0-15
LN2094,Gregory Collins,401923,0,0,Low,0.53,Wardhaven,48,Medium,0-15
LN2095,Janet Sanchez,494365,0,1,High,0.96,New Amanda,74,High Priority,0-15
LN2096,Jeff Pacheco,246486,30,1,High,0.7,North Josephberg,49,Medium,16-30
LN2097,Caleb Stewart,399553,90,0,Mid,0.42,Barryfort,15,Low Priority,45+
LN2098,Patricia Hernandez,23089,5,1,Mid,0.58,Lake Deborahfurt,45,Medium,0-15
LN2099,Katherine Knapp,221798,15,0,Low,0.9,North Rachel,61,High Priority,0-15
LN2100,Maria Wilkinson,173956,45,1,Low,0.6,Tiffanyfort,22,Low Priority,31-45
LN2101,James Christian,425881,30,1,Low,0.4,South Casey,18,Low Priority,16-30
LN2102,Danielle Booker,435685,0,0,Low,0.69,East Ianstad,56,Medium,0-15
LN2103,Wesley Lopez,126311,60,1,Low,0.49,Jessicaberg,10,Low Priority,45+
LN2104,Douglas Hamilton,129321,90,0,Low,0.34,Lake Jeffrey,3,Low Priority,45+
LN2105,Troy Perez,65689,0,1,High,0.64,Jimmyton,58,Medium,0-15
LN2106,Christopher Fernandez,274822,30,0,Low,0.73,West Kenneth,46,Medium,16-30
LN2107,Derek Johnson,416419,15,0,Low,0.8,Williamshire,56,Medium,0-15
LN2108,Stacy Baker,315685,0,1,Mid,0.72,Port Theresamouth,54,Medium,0-15
LN2109,Curtis Bishop,190824,5,0,Low,0.81,Mitchellville,60,High Priority,0-15
LN2110,Jennifer Smith,180212,45,0,Low,0.61,Andreaside,34,Low Priority,31-45
LN2111,Bonnie Gonzalez,468013,60,1,High,0.4,New Vincentbury,22,Low Priority,45+
LN2112,Christopher Goodwin,94205,90,2,Mid,0.53,Johnshire,0,Low Priority,45+
LN2113,Don Lopez,328645,45,2,Low,0.9,Michaelhaven,25,Low Priority,31-45
LN2114,Theresa Harvey,193501,0,0,Mid,0.64,Powersmouth,62,High Priority,0-15
LN2115,Randy Deleon,345897,30,0,Low,0.5,Nathanielfort,35,Medium,16-30
LN2116,Victoria Martinez,259654,15,0,Low,0.37,Garciashire,34,Low Priority,0-15
LN2117,Brian Moore DDS,321407,45,0,Low,0.88,Joshuaborough,48,Medium,31-45
LN2118,Aaron White,296393,0,0,Low,0.33,North Brianfort,38,Medium,0-15
LN2119,Patrick Carrillo,61139,5,0,Mid,0.68,North Deanna,62,High Priority,0-15
LN2120,Allison Garner,245568,45,0,Mid,0.33,Peggyville,28,Low Priority,31-45
LN2121,Laura Sanders,466242,60,0,Mid,0.55,Rossfort,34,Low Priority,45+
LN2122,Thomas Smith,157799,0,0,Low,0.84,Smithmouth,64,High Priority,0-15
LN2123,Christopher Kramer,396970,60,0,Mid,0.5,West Andrew,31,Low Priority,45+
LN2124,Sherry Perez,232803,45,1,Low,0.44,North William,14,Low Priority,31-45
LN2125,Dustin Navarro,328474,0,0,High,0.34,West Emily,55,Medium,0-15
LN2126,Darren Rich,185767,0,0,Low,0.34,East Larry,39,Medium,0-15
LN2127,Jeremiah Parsons,45938,5,2,Mid,0.66,New Craigville,37,Medium,0-15
LN2128,Roberta Fowler,416875,60,1,Mid,0.9,Cookchester,39,Medium,45+
LN2129,Nicholas Weaver,424427,0,1,High,0.7,Lake Dustin,61,High Priority,0-15
LN2130,Kayla Bailey,91695,0,1,High,0.41,Wagnerville,46,Medium,0-15
LN2131,Jacob Reynolds,488364,30,2,Mid,0.39,Hollowayshire,14,Low Priority,16-30
LN2132,Brittany Olsen,20654,0,2,Mid,0.77,North Rachel,44,Medium,0-15
LN2133,Joseph Moore,290590,30,0,Low,0.45,Lake Joseph,32,Low Priority,16-30
LN2134,Aaron Horn,212537,90,3,Mid,0.48,Weaverchester,0,Low Priority,45+
LN2135,Yolanda Moreno,365072,120,0,Low,0.44,Johnsonchester,0,Low Priority,45+
LN2136,Jennifer Brown,98012,120,1,High,0.52,West Jamesport,4,Low Priority,45+
LN2137,Betty Thompson,493387,5,1,High,0.36,Cindyside,42,Medium,0-15
LN2138,Stephanie Rios,161835,5,1,Mid,0.38,Lovechester,35,Medium,0-15
LN2139,Annette Jones,178177,90,1,High,0.77,Christopherhaven,28,Low Priority,45+
LN2140,Austin Jones,22637,0,0,Mid,0.45,East Leahburgh,52,Medium,0-15
LN2141,Shirley Herrera,133768,45,2,Low,0.86,Piercefort,23,Low Priority,31-45
LN2142,Dawn Cook,108741,5,0,Low,0.44,Morganfort,42,Medium,0-15
LN2143,Amy Holloway,389653,120,1,Mid,0.98,North Joshuashire,19,Low Priority,45+
LN2144,Debra Campos,39403,0,1,Mid,0.9,Lake Deborah,63,High Priority,0-15
LN2145,Anthony Jones,125386,90,0,Low,0.83,Harrisstad,28,Low Priority,45+
LN2146,Shannon Jones,356643,15,0,Low,0.5,Robinsonborough,41,Medium,0-15
LN2147,Margaret Davis,485483,0,0,Low,0.76,Port Rachelton,60,High Priority,0-15
LN2148,Kathleen Roberts,339248,5,0,Mid,0.92,Charlesland,74,High Priority,0-15
LN2149,Diane Lawrence,60870,0,0,Mid,0.35,Valerieport,48,Medium,0-15
LN2150,Roger Spence,394842,5,0,Low,0.78,North Christopher,59,Medium,0-15
LN2151,Michelle Ferguson,397078,45,0,Mid,0.52,North Kaitlyn,38,Medium,31-45
LN2152,Abigail Kemp,386378,15,2,Mid,0.71,Erinborough,36,Medium,0-15
LN2153,Ronald Steele,342926,30,0,High,0.51,Kelseyberg,52,Medium,16-30
LN2154,Vicki Clark DVM,154563,45,1,High,1.0,Morrisonmouth,58,Medium,31-45
LN2155,James Mcconnell,451739,0,0,Mid,0.91,East Rachelbury,76,High Priority,0-15
LN2156,Emily Strickland,84926,0,0,Low,0.88,Port Michael,66,High Priority,0-15
LN2157,Veronica Cisneros,460847,15,0,Mid,0.9,West Brandi,69,High Priority,0-15
LN2158,Lynn Miller,421821,30,0,Mid,0.8,Nicholasborough,58,Medium,16-30
LN2159,Alex Moore,315276,0,0,Low,0.56,Susanmouth,50,Medium,0-15
LN2160,Heather Martinez,492769,5,3,Mid,0.43,New Kathymouth,14,Low Priority,0-15
LN2161,Erin Neal,135140,15,0,Low,0.79,Englishhaven,56,Medium,0-15
LN2162,Mr. Jeff Parks Jr.,306100,0,1,Low,0.43,Hinesland,32,Low Priority,0-15
LN2163,Michael Williams,257268,0,0,Low,0.43,Alishaburgh,44,Medium,0-15
LN2164,Thomas Potts,457043,30,0,Low,0.85,Sheilamouth,52,Medium,16-30
LN2165,Dustin Vargas,85184,0,1,Mid,0.85,South Brookechester,60,High Priority,0-15
LN2166,Andrew Black,254873,0,0,High,0.85,Alexandraberg,80,High Priority,0-15
LN2167,Alejandro Blackwell Jr.,456442,30,2,High,0.66,Ashleyburgh,35,Medium,16-30
LN2168,Troy Wilson,303539,15,2,Low,0.63,Gloriatown,24,Low Priority,0-15
LN2169,Nathan Randolph,493006,0,0,Mid,1.0,Clayborough,80,High Priority,0-15
LN2170,Stefanie Simon,168866,45,0,Mid,0.81,New Emilychester,52,Medium,31-45
LN2171,Alexandra Fisher,401164,15,0,Low,0.36,East Carol,34,Low Priority,0-15
LN2172,Tiffany Solomon,271063,90,2,Low,0.7,North Brandon,0,Low Priority,45+
LN2173,Shirley Sharp,232566,45,1,High,0.78,New David,47,Medium,31-45
LN2174,Dr. Yvonne Williamson,323806,30,2,Mid,0.32,North Sarah,10,Low Priority,16-30
LN2175,Jennifer Arellano,372513,5,1,Mid,1.0,North Kathleen,66,High Priority,0-15
LN2176,Nathan Tate,172948,90,0,High,0.37,North Karenland,20,Low Priority,45+
LN2177,Deborah Brown,203683,90,2,Mid,0.72,Lake Davidhaven,6,Low Priority,45+
LN2178,Marie Walker,398824,0,0,Low,0.36,Donnafurt,40,Medium,0-15
LN2179,Samantha Lawson,168178,30,0,Mid,0.42,Isabellamouth,39,Medium,16-30
LN2180,Matthew Sullivan,434336,5,0,Mid,0.64,West Bradleychester,60,High Priority,0-15
LN2181,Phillip Osborne,316956,15,1,Low,0.79,Lucasview,44,Medium,0-15
LN2182,Melinda Brown,39156,0,0,Low,0.31,East Andrewville,38,Medium,0-15
LN2183,Christian Cook,467421,0,0,High,0.36,Kimfort,56,Medium,0-15
LN2184,Tina Nicholson,222459,60,0,Mid,0.91,New Barbaraville,52,Medium,45+
LN2185,Frederick Morales,440661,60,1,Low,0.39,North Terri,6,Low Priority,45+
LN2186,Charles Rivera,165338,5,2,Low,0.98,South Saraside,45,Medium,0-15
LN2187,Tiffany Conway,55362,15,0,Mid,0.89,Martinview,68,High Priority,0-15
LN2188,Kelly Harding,362424,60,0,Low,0.49,South Amyview,22,Low Priority,45+
LN2189,Michelle Warner,123215,30,0,Low,0.57,Myersview,38,Medium,16-30
LN2190,John White,362016,30,0,High,0.8,Wellsport,66,High Priority,16-30
LN2191,David Snow,375113,5,3,Mid,0.61,Taylorchester,22,Low Priority,0-15
LN2192,Sheila Harrison,49661,30,1,Mid,0.3,North Morganview,21,Low Priority,16-30
LN2193,Lisa Carr,419346,30,0,Mid,0.34,Rowestad,35,Medium,16-30
LN2194,Tara Scott,334853,120,0,Low,0.78,South Lauraville,13,Low Priority,45+
LN2195,Joel Jensen,434021,45,0,Low,0.39,Thomashaven,24,Low Priority,31-45
LN2196,Sarah Williams,278121,0,0,Mid,0.45,East Robertbury,52,Medium,0-15
LN2197,Phillip Bailey,357164,15,0,Low,0.47,North Alexandershire,40,Medium,0-15
LN2198,Zachary West,199845,45,1,Low,0.66,South Stephanieville,25,Low Priority,31-45
LN2199,James Wilson,180020,5,3,High,0.86,Eatonside,43,Medium,0-15
LN2200,Glen Watson,371224,5,1,Low,0.49,West Johnland,32,Low Priority,0-15
LN2201,Chad Fisher DDS,458744,45,2,High,0.55,Alexaside,24,Low Priority,31-45
LN2202,Christopher Jackson,451888,0,0,Mid,1.0,Port Anthony,80,High Priority,0-15
LN2203,Joseph West,52332,5,0,Mid,0.84,Hortonborough,70,High Priority,0-15
LN2204,Traci Cunningham,95118,0,2,High,0.99,Sherryborough,64,High Priority,0-15
LN2205,Mr. William Harmon,345188,30,3,Low,0.76,Nataliebury,12,Low Priority,16-30
LN2206,Betty Walker,289579,15,0,Low,0.6,Bennettmouth,46,Medium,0-15
LN2207,Kenneth Stewart,381087,0,0,Low,0.71,Knoxport,58,Medium,0-15
LN2208,Erin Johnson,383334,0,0,Mid,0.61,South Benjamin,60,High Priority,0-15
LN2209,Michael Mills,464958,0,0,Low,0.43,South Juan,44,Medium,0-15
LN2210,Vickie Cooper,468927,30,0,Mid,0.69,New Evelyn,52,Medium,16-30
LN2211,Joseph Turner,463942,60,2,Mid,0.37,South Annfort,0,Low Priority,45+
LN2212,Adam Meyer,201413,45,1,Low,0.75,East Elizabethfort,30,Low Priority,31-45
LN2213,Lisa Richards,433532,15,1,Low,0.86,Port Danielle,47,Medium,0-15
LN2214,John Adams,439972,0,1,Low,0.6,East Abigailbury,40,Medium,0-15
LN2215,Brandon Fuller,245758,0,0,Mid,1.0,South Angela,80,High Priority,0-15
LN2216,Michael Yoder,124672,0,0,Mid,0.67,Allisonborough,64,High Priority,0-15
LN2217,Nicholas Harris,300460,15,0,Mid,0.91,Stewartside,70,High Priority,0-15
LN2218,Nancy Davis,281420,30,1,Low,0.74,Lake Victorburgh,35,Medium,16-30
LN2219,Amber Briggs,77241,0,0,Low,0.57,Annstad,50,Medium,0-15
LN2220,Haley Lindsey,499702,45,3,Mid,0.65,Welchton,8,Low Priority,31-45
LN2221,Kevin Smith,142002,30,0,Mid,0.54,Port Trevorberg,45,Medium,16-30
LN2222,Sean Drake,67997,0,0,High,0.32,Angelicamouth,54,Medium,0-15
LN2223,Jeffery Shea,164825,0,0,Mid,0.54,Duncanfurt,57,Medium,0-15
LN2224,Christopher Mcdowell,188001,0,1,Mid,0.75,New Matthew,56,Medium,0-15
LN2225,Linda Miller,252034,15,0,Mid,0.83,Lake Jennifermouth,66,High Priority,0-15
LN2226,Susan Cruz DDS,487539,0,0,High,0.79,Loritown,78,High Priority,0-15
LN2227,Lisa Larson,381417,0,0,Mid,0.95,Port Stephanie,78,High Priority,0-15
LN2228,Amanda Whitaker,427561,0,0,High,0.54,Walkerton,65,High Priority,0-15
LN2229,Marissa Turner,268815,5,0,Low,0.78,East Brenda,59,Medium,0-15
LN2230,Kevin Morgan,23052,30,0,Low,0.54,West Ruthmouth,37,Medium,16-30
LN2231,David Pierce,302894,30,0,Mid,0.91,South Jenniferberg,64,High Priority,16-30
LN2232,Mr. Peter Rodriguez,385406,90,3,Mid,0.91,South Thomastown,4,Low Priority,45+
LN2233,Jessica Knight,63162,45,0,Mid,0.89,Dawnshire,56,Medium,31-45
LN2234,Russell Lawrence,214442,5,0,Mid,0.53,Pearsonport,54,Medium,0-15
LN2235,Donna Kane DDS,487143,60,1,Mid,0.33,North Alexander,10,Low Priority,45+
LN2236,Anna Strickland,453209,30,1,Mid,0.71,New Charleschester,42,Medium,16-30
LN2237,Steven Hunter,330877,45,0,Low,0.43,Sherriview,26,Low Priority,31-45
LN2238,Nicole Carrillo,211349,5,2,Low,0.39,Matthewland,16,Low Priority,0-15
LN2239,Joshua Johnson,254085,0,0,High,0.53,Mcguireshire,64,High Priority,0-15
LN2240,Sierra Lester,41576,0,3,High,0.61,Devintown,32,Low Priority,0-15
LN2241,Dr. Joe Johnson,136528,30,0,Mid,0.77,Shannonton,56,Medium,16-30
LN2242,Manuel Christian,326822,30,0,Mid,0.51,Kellymouth,44,Medium,16-30
LN2243,Hailey Mcmahon,379496,60,3,Mid,0.43,Port Lauren,0,Low Priority,45+
LN2244,Yolanda Freeman,275669,5,1,Low,0.84,Port David,50,Medium,0-15
LN2245,Frank Daniels,149529,30,1,Mid,0.65,Cassandrafurt,38,Medium,16-30
LN2246,Joseph Jacobson,499767,0,1,Low,0.97,North Christopherport,58,Medium,0-15
LN2247,Courtney Newman,442515,90,0,Mid,0.84,Bradleyton,36,Medium,45+
LN2248,Marcus Rodriguez,353015,0,0,High,0.45,New Tiffany,60,High Priority,0-15
LN2249,Stacy Davis,342046,60,3,Low,0.45,Kevinfort,0,Low Priority,45+
LN2250,Dawn Lopez,269402,30,0,Low,0.78,Ronnieburgh,49,Medium,16-30
LN2251,Kevin Swanson,263466,45,0,High,0.95,Lake Cody,68,High Priority,31-45
LN2252,Michelle Jones,83884,120,0,Low,0.55,South Krystal,2,Low Priority,45+
LN2253,Megan Bolton,101110,45,0,Low,0.92,West Alexandra,50,Medium,31-45
LN2254,Isaac Stephenson,71360,0,1,High,0.42,Benjaminmouth,47,Medium,0-15
LN2255,Connor Sexton,300195,15,1,Low,0.66,East Ashleyburgh,37,Medium,0-15
LN2256,Mackenzie Richards,301787,0,0,Low,0.4,Aprilburgh,42,Medium,0-15
LN2257,Mary Wilson,218360,15,0,Low,0.6,Randyberg,46,Medium,0-15
LN2258,Charles Ashley,433399,30,0,Low,0.42,East Matthew,31,Low Priority,16-30
LN2259,Linda Ortiz,128835,0,0,Low,0.56,Brightshire,50,Medium,0-15
LN2260,Robert Malone,120417,30,1,Mid,0.49,New Matthew,30,Low Priority,16-30
LN2261,Lisa Bell,303445,0,0,Mid,0.4,West Nicholasstad,50,Medium,0-15
LN2262,Alexander Zamora,452606,120,0,Mid,0.77,Laceytown,20,Low Priority,45+
LN2263,Nicholas Chambers,436826,30,0,Low,0.92,Markmouth,56,Medium,16-30
LN2264,Jesus Nunez,21537,0,1,High,0.57,Marcbury,54,Medium,0-15
LN2265,Amy Wilson,106155,15,0,Low,0.7,East James,51,Medium,0-15
LN2266,Christina George,356377,90,2,Low,0.91,Port Garychester,8,Low Priority,45+
LN2267,Gregory Jones,40104,30,0,High,0.49,Lake Dustin,50,Medium,16-30
LN2268,Derek Wolf,193084,30,1,Low,0.8,Russellstad,38,Medium,16-30
LN2269,Theresa Freeman,214716,30,0,Mid,0.37,North Whitneyburgh,36,Medium,16-30
LN2270,Amanda Martinez,342790,0,1,Mid,0.72,New Deanna,54,Medium,0-15
LN2271,Travis Harris,143199,0,0,High,0.42,Cervantesmouth,59,Medium,0-15
LN2272,Brendan Jones,384655,120,0,Low,0.76,Hudsonmouth,12,Low Priority,45+
LN2273,Shawn Wilson,463443,60,0,Mid,0.4,South Joshua,26,Low Priority,45+
LN2274,Karen Wright,111038,5,0,Mid,0.67,New Travis,62,High Priority,0-15
LN2275,Amanda Huber,317073,0,1,Low,0.36,Sierraburgh,28,Low Priority,0-15
LN2276,Emily Bender,288185,5,0,Mid,0.8,East Kristi,68,High Priority,0-15
LN2277,Bethany Woodard,428294,120,1,Low,0.35,North Howardport,0,Low Priority,45+
LN2278,Jasmine Carey,479560,30,1,Mid,0.47,Millerbury,30,Low Priority,16-30
LN2279,Michael Patterson,486764,45,0,Mid,0.81,Brownburgh,52,Medium,31-45
LN2280,Michael Hudson,78026,5,1,Mid,0.39,Lake Megan,36,Medium,0-15
LN2281,Melanie Hampton,381333,15,3,Mid,0.87,Willieview,32,Low Priority,0-15
LN2282,Danielle Roberts,279636,5,0,High,0.87,Colleenberg,80,High Priority,0-15
LN2283,Richard Brooks,488451,30,1,Mid,0.4,Kimhaven,26,Low Priority,16-30
LN2284,Nicholas Allen,249991,0,1,Low,0.61,Andersonport,40,Medium,0-15
LN2285,Daniel Clark,233482,30,0,Mid,0.41,West Dennis,38,Medium,16-30
LN2286,Heather Perez,144232,0,1,Mid,0.54,Markbury,45,Medium,0-15
LN2287,Tricia Peterson,261535,0,0,Low,0.71,Port Diana,58,Medium,0-15
LN2288,Amy Silva,331997,15,0,Mid,0.82,West Bridgetton,65,High Priority,0-15
LN2289,Daniel Hughes,60736,5,1,Low,0.87,North Regina,52,Medium,0-15
LN2290,Ryan Fitzgerald,244793,0,0,Mid,0.35,West Christopherfurt,48,Medium,0-15
LN2291,Brandi Johnson,421072,5,0,High,0.77,Nathanielshire,74,High Priority,0-15
LN2292,Isaac Alvarez,395574,0,1,Low,0.94,Port Samanthafurt,57,Medium,0-15
LN2293,Anna Maldonado,261356,120,0,Mid,0.7,East Edward,17,Low Priority,45+
LN2294,Holly Moss,54160,60,2,Low,0.72,Cathyfort,10,Low Priority,45+
LN2295,Rick Sandoval,287688,15,0,Mid,0.47,Dianestad,48,Medium,0-15
LN2296,Ashley Gonzales,222821,45,0,Mid,0.95,Elizabethtown,60,High Priority,31-45
LN2297,Christine Dawson,23981,15,0,Low,0.37,Currystad,34,Low Priority,0-15
LN2298,David Warren,145580,15,0,Low,0.34,East James,33,Low Priority,0-15
LN2299,Jacqueline Price,186963,5,2,Mid,0.59,Sanchezfurt,34,Low Priority,0-15
LN2300,Steven Mccoy,278789,5,0,High,0.55,Christinafurt,64,High Priority,0-15
LN2301,Jennifer Marshall,78047,15,0,High,0.42,New Christopher,53,Medium,0-15
LN2302,Laura Miller,368292,90,0,Mid,0.98,West Jane,43,Medium,45+
LN2303,Maria Fox,482427,30,2,Low,0.53,Port Rachelside,12,Low Priority,16-30
LN2304,Malik Freeman,183535,120,0,Mid,0.78,Darlenefurt,21,Low Priority,45+
LN2305,Olivia Thomas,213709,45,1,Low,0.44,Michaelside,14,Low Priority,31-45
LN2306,Natasha Lloyd,87560,0,2,High,0.54,New Amandachester,41,Medium,0-15
LN2307,James King,45345,0,3,High,0.59,Justinshire,32,Low Priority,0-15
LN2308,Michelle Wright,177212,0,1,Mid,0.33,Cordovaport,34,Low Priority,0-15
LN2309,Francisco Haley,494434,30,2,Mid,0.39,Listad,14,Low Priority,16-30
LN2310,Wendy Christensen,180576,5,2,Mid,0.84,Jefferyville,46,Medium,0-15
LN2311,Cody Bailey,463931,60,2,Low,0.96,Kimton,22,Low Priority,45+
LN2312,Michele Miller,429675,45,0,Mid,0.98,Port Richard,61,High Priority,31-45
LN2313,Ronald Floyd,128612,0,3,Low,0.4,Moniqueton,6,Low Priority,0-15
LN2314,John Pennington,473335,90,0,Low,0.99,West Rachel,36,Medium,45+
LN2315,David Robinson,421339,0,0,Low,0.7,Olsonhaven,57,Medium,0-15
LN2316,Jeffrey Ryan,88322,0,0,Low,0.97,Port Kimberlyside,70,High Priority,0-15
LN2317,Curtis Rose,407932,30,1,Mid,0.39,Curtisbury,26,Low Priority,16-30
LN2318,Stacy Williams,193688,45,0,Low,0.75,Harrisonview,42,Medium,31-45
LN2319,Christopher Schmidt,119122,60,0,Mid,0.36,Jennifermouth,24,Low Priority,45+
LN2320,Kelly Murray,255851,45,0,Low,0.32,Fergusonchester,20,Low Priority,31-45
LN2321,Andrea Patterson,295381,45,3,Mid,0.62,Rachelborough,7,Low Priority,31-45
LN2322,Scott Gonzalez,267541,60,0,Mid,0.87,Jordanville,50,Medium,45+
LN2323,Kayla Goodman,256403,5,2,High,0.37,Lovefort,30,Low Priority,0-15
LN2324,Jocelyn Reed,117247,45,0,Mid,0.37,Port Brookeberg,30,Low Priority,31-45
LN2325,Tracy Allen,239606,0,1,Low,0.85,Andrewshire,52,Medium,0-15
LN2326,Emily Keller,225603,0,0,Low,0.83,New Davidborough,64,High Priority,0-15
LN2327,Sherry Ware,33265,0,2,Mid,0.39,Virginiafort,26,Low Priority,0-15
LN2328,Sabrina Carr,241711,15,0,Mid,0.9,South Christine,69,High Priority,0-15
LN2329,Kelli Brown,115310,15,1,High,0.66,Toddview,53,Medium,0-15
LN2330,David Gallegos,380400,5,0,Mid,0.86,Herringbury,71,High Priority,0-15
LN2331,Donald Thomas,123863,15,0,High,0.88,New Carmen,76,High Priority,0-15
LN2332,Isabel Gray,353329,15,2,Mid,0.94,Chelseaberg,47,Medium,0-15
LN2333,Tricia Francis,114533,45,0,Low,0.37,Traceychester,22,Low Priority,31-45
LN2334,Kenneth Jones,344809,45,0,Mid,0.42,West Sarahtown,33,Low Priority,31-45
LN2335,William Becker,384765,5,0,Low,0.68,Adamsport,54,Medium,0-15
LN2336,Beth Wolfe,349127,0,0,Mid,0.53,West Timothy,56,Medium,0-15
LN2337,Cory Norman,174607,0,0,Mid,0.83,East Valeriefurt,72,High Priority,0-15
LN2338,Denise Hoffman,258657,0,1,Low,0.64,Johnsontown,42,Medium,0-15
LN2339,Alicia Andrews,360070,5,0,Low,0.82,Jenniferville,61,High Priority,0-15
LN2340,Jerry Garza,161774,15,1,Mid,0.43,West Andrewville,34,Low Priority,0-15
LN2341,Marcus Callahan,137369,5,0,Low,0.49,Lake William,44,Medium,0-15
LN2342,Benjamin Mclean,200109,15,0,Low,0.96,Jamesburgh,64,High Priority,0-15
LN2343,Christine Anderson,231445,30,0,Low,0.39,South Danielle,30,Low Priority,16-30
LN2344,Stephanie Fox,113220,30,1,High,0.49,Lake Jessicaborough,38,Medium,16-30
LN2345,Susan Williams,288137,15,0,Low,0.57,Shortburgh,44,Medium,0-15
LN2346,Debra Williams,36138,45,1,Mid,0.51,Romerofort,26,Low Priority,31-45
LN2347,Sandra Harris,102315,15,1,Low,0.92,Port Robintown,50,Medium,0-15
LN2348,Harold Smith,236682,0,0,Low,0.59,North Margaret,52,Medium,0-15
LN2349,Kenneth Garcia,395601,0,1,Mid,0.63,Lake James,50,Medium,0-15
LN2350,Tammy Boone,99553,0,2,Mid,0.42,Adriantown,27,Low Priority,0-15
LN2351,Mary Long,249937,0,0,High,0.42,New Chloe,59,Medium,0-15
LN2352,Jessica Campbell,178571,15,0,Low,0.43,East Tanner,38,Medium,0-15
LN2353,Karina Morris DVM,20294,0,1,High,0.77,New Sarah,64,High Priority,0-15
LN2354,Olivia Torres,328372,0,0,Low,0.56,East John,50,Medium,0-15
LN2355,Manuel Brown,127779,0,0,Low,0.7,Port Pamelaview,57,Medium,0-15
LN2356,Catherine Patterson,49332,0,0,Mid,0.34,Arnoldbury,47,Medium,0-15
LN2357,Charles Obrien,79946,0,2,Low,0.92,South Anthonyborough,44,Medium,0-15
LN2358,Rose Brown,121387,0,0,Mid,0.45,Navarrotown,52,Medium,0-15
LN2359,Jennifer Hansen,169725,90,0,High,0.85,Port Malikshire,44,Medium,45+
LN2360,Angelica Galvan,427922,0,0,Low,0.37,Lloydtown,40,Medium,0-15
LN2361,Theresa Reyes,177541,45,2,Mid,0.41,West Shane,8,Low Priority,31-45
LN2362,Donna Warren,167776,60,0,High,0.73,East Nicholas,50,Medium,45+
LN2363,Courtney Black,223462,5,2,Mid,0.36,Denisemouth,22,Low Priority,0-15
LN2364,Miranda Jones,460924,60,0,Low,0.85,Cuevasfort,40,Medium,45+
LN2365,James Watts,117927,15,0,Mid,0.55,Thomasshire,52,Medium,0-15
LN2366,Matthew Perkins,75556,0,0,Mid,0.7,Brucemouth,65,High Priority,0-15
LN2367,Thomas Gallagher,242489,0,1,Mid,0.43,Port David,40,Medium,0-15
LN2368,Leslie Mercado,117469,5,0,Low,0.97,South Melissa,68,High Priority,0-15
LN2369,Sean Garcia,418825,45,0,Mid,0.94,Morenoland,59,Medium,31-45
LN2370,Laurie Rivera,115042,15,0,High,0.41,Heathertown,52,Medium,0-15
LN2371,Paul Wallace,141211,30,2,High,0.94,Bakerborough,49,Medium,16-30
LN2372,Sarah Cochran,22413,0,1,Mid,0.59,Cainland,48,Medium,0-15
LN2373,Rebecca Guzman,78408,0,1,Mid,0.36,West Danny,36,Medium,0-15
LN2374,Pamela Anderson,297906,60,0,Low,0.38,North Francisco,17,Low Priority,45+
LN2375,Sean Mclaughlin,368483,15,1,Mid,0.89,New Timothy,56,Medium,0-15
LN2376,Danielle Hinton,57792,60,0,Mid,0.43,Barbarahaven,28,Low Priority,45+
LN2377,Paul Larson,33777,45,0,High,0.37,West Cathy,38,Medium,31-45
LN2378,Anthony Ortega,394695,60,2,Mid,0.77,South Leslie,20,Low Priority,45+
LN2379,Keith Smith,429824,45,3,Mid,0.74,New Christopher,13,Low Priority,31-45
LN2380,Trevor Gonzalez,464256,45,0,High,0.69,Andrewshire,54,Medium,31-45
LN2381,Lisa Wagner,460474,0,0,Mid,0.4,Kathleenberg,50,Medium,0-15
LN2382,Terri Gonzalez,360752,5,3,Mid,0.4,East Derek,12,Low Priority,0-15
LN2383,Jason Kirk,150466,90,1,High,0.79,Walterstown,30,Low Priority,45+
LN2384,Ryan Torres,420706,5,0,Mid,0.52,North Edgar,54,Medium,0-15
LN2385,Kathryn Hughes,392362,30,0,Mid,0.41,East Karen,38,Medium,16-30
LN2386,Whitney Williams,242343,5,0,Low,0.67,Adkinsmouth,54,Medium,0-15
LN2387,Rebecca Diaz,379147,45,2,Mid,0.81,Warrenbury,28,Low Priority,31-45
LN2388,John Wilson,227580,0,2,Mid,0.7,New Zachary,41,Medium,0-15
LN2389,Katelyn Schaefer,84340,0,1,Mid,0.55,Smithmouth,46,Medium,0-15
LN2390,Christopher Delacruz,291635,5,0,Low,0.97,Wardside,68,High Priority,0-15
LN2391,Eric Zimmerman,55010,30,2,Low,0.99,Bryanshire,36,Medium,16-30
LN2392,Adam Williams,87005,15,0,Low,0.82,West Jacqueline,57,Medium,0-15
LN2393,David Mendez,121735,5,1,High,0.77,Hammondland,62,High Priority,0-15
LN2394,Lauren Harmon,432492,30,1,High,0.88,Garciaport,58,Medium,16-30
LN2395,Brittany Jones,187558,0,3,Mid,0.8,Kennethfurt,34,Low Priority,0-15
LN2396,Michelle Diaz,164378,0,0,Low,0.84,West Kristintown,64,High Priority,0-15
LN2397,Christine Knox,47197,90,0,Mid,0.96,New Shannonmouth,42,Medium,45+
LN2398,Jodi Jacobson,131030,0,1,High,0.68,Millerport,60,High Priority,0-15
LN2399,Andrea Cantrell,145342,15,0,Low,0.41,Carolhaven,36,Medium,0-15
LN2400,Angela Patterson,266222,0,2,Mid,0.43,West Timothystad,28,Low Priority,0-15
LN2401,Barbara Martinez,290047,60,0,Low,0.82,Christopherburgh,39,Medium,45+
LN2402,Rachel Smith,430654,90,0,Low,0.42,Solomonbury,7,Low Priority,45+
LN2403,Rachel Hernandez,482122,0,0,Mid,0.74,Robertmouth,67,High Priority,0-15
LN2404,Veronica Howard,23650,120,0,High,0.6,Floreston,20,Low Priority,45+
LN2405,George Wood,249767,5,1,Mid,0.99,New Timothy,66,High Priority,0-15
LN2406,Levi Oconnell,273807,15,1,Mid,0.94,Pattersonbury,59,Medium,0-15
LN2407,Shawn Hammond,306076,30,2,Low,0.91,West Cherylside,32,Low Priority,16-30
LN2408,Lisa Matthews,320176,30,0,Low,0.59,Kevinstad,40,Medium,16-30
LN2409,Tanner Stephens,252284,90,0,Low,0.9,Alexanderberg,31,Low Priority,45+
LN2410,Cynthia Gomez,270768,0,0,High,0.84,Petersonville,80,High Priority,0-15
LN2411,James Tucker,113286,45,0,High,0.63,Jonesborough,52,Medium,31-45
LN2412,Debra Johnson,64194,5,0,Low,0.81,Mooreton,60,High Priority,0-15
LN2413,Gabrielle Johnson,187567,45,0,Mid,0.81,Williamsside,52,Medium,31-45
LN2414,Joy Meyer,315305,60,0,Mid,0.69,Amyside,40,Medium,45+
LN2415,Donald Pace,413348,5,3,High,0.8,Oliviaside,40,Medium,0-15
LN2416,Chase Diaz,144693,0,1,Low,0.72,South Michael,46,Medium,0-15
LN2417,William Warren,59601,120,1,Mid,0.5,Weissside,0,Low Priority,45+
LN2418,Andrew Wilson,185803,45,3,Mid,0.52,Port Kathyport,2,Low Priority,31-45
LN2419,Ivan Moran,179277,30,0,Mid,0.46,New Shaunborough,41,Medium,16-30
LN2420,Linda Thomas,109299,5,0,Mid,0.96,New Edward,76,High Priority,0-15
LN2421,Justin Beasley,461737,15,1,High,0.55,Barryfurt,48,Medium,0-15
LN2422,Shannon Camacho,212317,90,1,Mid,0.88,Michaelton,26,Low Priority,45+
LN2423,Karen Moore,272773,45,0,Mid,0.83,Melissastad,54,Medium,31-45
LN2424,Matthew Solis,281776,0,0,Low,0.71,Greeneville,58,Medium,0-15
LN2425,Christopher Foster,325745,5,0,High,0.38,Roberttown,55,Medium,0-15
LN2426,David Stafford,330511,90,0,Mid,0.8,Heidifurt,34,Low Priority,45+
LN2427,Nicholas Campbell,161707,0,1,Low,0.57,Rodrigueztown,38,Medium,0-15
LN2428,Jason Ochoa,440628,0,0,Low,0.46,Port Ryan,45,Medium,0-15
LN2429,Jenny Thompson,344816,90,1,High,0.89,East Martintown,34,Low Priority,45+
LN2430,Brandy Hawkins,351080,0,1,Mid,0.94,Andrewsfort,65,High Priority,0-15
LN2431,Dawn Dickerson,119862,5,2,Low,0.91,Lake Steven,42,Medium,0-15
LN2432,Adrian Smith,287553,45,0,Low,0.89,South Derek,48,Medium,31-45
LN2433,Vernon Mooney,308102,120,0,Low,0.45,Austinberg,0,Low Priority,45+
LN2434,Nicholas Everett,274657,90,1,High,0.81,Nicholeland,30,Low Priority,45+
LN2435,Dr. Karla Scott,187442,0,0,High,0.46,Cassandraland,61,High Priority,0-15
LN2436,Meghan Mitchell,137450,60,0,Low,0.48,Nathanielfurt,22,Low Priority,45+
LN2437,Jessica Arias,36709,15,0,Mid,0.74,East Beckyhaven,61,High Priority,0-15
LN2438,Earl Taylor,430949,45,3,Low,0.65,Garcialand,0,Low Priority,31-45
LN2439,Jillian Johnson,262840,30,1,Low,0.82,Kingburgh,39,Medium,16-30
LN2440,Christina Kaiser,138922,5,0,Mid,0.31,Kellystad,44,Medium,0-15
LN2441,Samantha Vincent,104433,0,0,Mid,0.3,East Megan,45,Medium,0-15
LN2442,Dorothy Williams,88515,90,0,Low,0.43,Lake Matthew,8,Low Priority,45+
LN2443,David Mitchell,156694,30,0,High,0.38,Danielport,45,Medium,16-30
LN2444,Victoria Wallace,492548,5,1,Mid,0.62,Danielletown,47,Medium,0-15
LN2445,Kathryn Rivera,496215,60,0,Mid,0.94,East Philip,53,Medium,45+
LN2446,Anthony Webster,250739,5,2,Mid,0.76,Lake Deborahfort,42,Medium,0-15
LN2447,Brenda Perry,27233,30,0,Mid,0.59,North Adam,48,Medium,16-30
LN2448,Jennifer Ball,128684,0,0,Mid,0.62,Lewisberg,61,High Priority,0-15
LN2449,William Evans,133815,30,1,Mid,0.57,North Michaelberg,34,Low Priority,16-30
LN2450,Elizabeth Browning,41182,0,0,High,0.71,Lake Edward,74,High Priority,0-15
LN2451,Richard Ayers,161488,15,2,Low,0.66,Cynthiamouth,25,Low Priority,0-15
LN2452,Edward Edwards,499969,0,0,Mid,0.96,Frankshire,78,High Priority,0-15
LN2453,Aaron Hess,30794,0,0,Mid,0.34,West Joannahaven,47,Medium,0-15
LN2454,Ruth Luna,434016,0,1,Low,0.56,Emilystad,38,Medium,0-15
LN2455,Stacey Leonard,327143,30,0,Mid,0.64,Combsburgh,50,Medium,16-30
LN2456,Alejandra Rollins,258697,45,3,Low,0.35,Samuelhaven,0,Low Priority,31-45
LN2457,Jill Doyle,345899,15,1,Mid,0.4,Alvaradoberg,32,Low Priority,0-15
LN2458,Tyler Rodriguez,467628,15,1,Low,0.93,Blakeview,50,Medium,0-15
LN2459,Nancy Osborne,404822,0,0,Mid,0.46,Shawbury,53,Medium,0-15
LN2460,Robin Baker,246090,15,2,Low,0.59,Marytown,22,Low Priority,0-15
LN2461,Andrew Hunter,180371,30,0,High,0.6,Jacksonland,56,Medium,16-30
LN2462,Adam Kemp,41390,60,0,Low,0.47,Lake Sharontown,22,Low Priority,45+
LN2463,Randy Nichols,258634,0,0,Low,0.51,New Sandra,48,Medium,0-15
LN2464,Daniel Archer,98113,5,1,Low,0.86,Port Chad,51,Medium,0-15
LN2465,Mathew Haas,415412,45,0,Mid,0.41,East John,32,Low Priority,31-45
LN2466,Jamie Stone,316221,0,1,High,0.33,South Michelle,42,Medium,0-15
LN2467,Ian Baker,317915,0,2,Mid,0.48,North Philipburgh,30,Low Priority,0-15
LN2468,Steven Clark,442593,15,1,Low,0.91,New Matthewbury,50,Medium,0-15
LN2469,Michael Benson,202058,15,0,Mid,0.51,Fostertown,50,Medium,0-15
LN2470,Earl Davis,381756,15,0,Mid,0.45,New Alanburgh,46,Medium,0-15
LN2471,Dawn Walsh,174030,0,0,Mid,0.8,South Derrickport,70,High Priority,0-15
LN2472,Paul Walton,466848,5,1,Low,0.7,Thomasbury,43,Medium,0-15
LN2473,Kristy Johnson,176390,0,0,Mid,0.9,North Harrychester,75,High Priority,0-15
LN2474,Connie Medina,115872,60,0,Mid,0.93,North Franklin,52,Medium,45+
LN2475,Vincent King,175075,15,0,Low,0.39,South Carolynfurt,36,Medium,0-15
LN2476,Shelby Taylor,39622,5,0,Mid,0.46,Petersonmouth,51,Medium,0-15
LN2477,Sheila Cox,272356,15,2,High,0.82,Lisaland,49,Medium,0-15
LN2478,Eric Thompson,23196,15,0,Low,0.36,Christopherland,34,Low Priority,0-15
LN2479,Krystal Fowler,441441,45,0,Low,0.95,Port David,52,Medium,31-45
LN2480,Melissa Dillon,455703,0,0,High,0.3,South Nicholasfurt,53,Medium,0-15
LN2481,Ricky May,396826,5,0,Mid,0.85,Laurenville,70,High Priority,0-15
LN2482,Bethany Green,76866,60,0,High,0.78,Matthewtown,53,Medium,45+
LN2483,Robert Cruz,450779,30,3,Mid,0.38,New Eric,1,Low Priority,16-30
LN2484,Jorge Cooper,55135,5,0,Low,0.61,New Jademouth,50,Medium,0-15
LN2485,Erin Shields,326792,0,2,Mid,0.34,Cherylhaven,23,Low Priority,0-15
LN2486,Mrs. Jessica Cohen,204544,0,0,Low,0.85,Lake Karenborough,64,High Priority,0-15
LN2487,Lisa Lee,463833,90,0,High,0.53,East David,28,Low Priority,45+
LN2488,Carl Frank,224335,15,1,Low,0.72,Riveraland,40,Medium,0-15
LN2489,Sean Garcia,86354,0,1,Mid,0.99,East Timothyview,68,High Priority,0-15
LN2490,Michelle Doyle,266889,0,0,Mid,0.72,Colemanberg,66,High Priority,0-15
LN2491,Pamela Smith,42419,60,2,High,0.9,Humphreyville,35,Medium,45+
LN2492,Karen Williams,55169,5,0,Low,0.37,New Laura,38,Medium,0-15
LN2493,Ruben White,33444,15,0,High,0.52,Daniellemouth,58,Medium,0-15
LN2494,Theresa Mcdaniel,114826,0,0,Mid,0.74,Smithborough,67,High Priority,0-15
LN2495,Richard Ball,75612,5,1,Mid,0.6,Port Erin,46,Medium,0-15
LN2496,Zachary Allen,389556,15,0,Low,0.34,Perezview,33,Low Priority,0-15
LN2497,Jessica Kelly,114154,45,0,Low,0.46,Hartshire,27,Low Priority,31-45
LN2498,Laura Hardy,57941,90,0,High,0.86,Christophermouth,45,Medium,45+
LN2499,John Harris,20801,90,3,Low,0.87,Lake Leah,0,Low Priority,45+
LN2500,Jeremy Patrick,445665,15,0,High,0.5,Kimberlyfort,57,Medium,0-15
LN2501,Gregory Bennett,187217,0,0,High,0.93,Wilsonhaven,84,High Priority,0-15
LN2502,George Moore,170641,5,0,Mid,0.5,Port Anthony,53,Medium,0-15
LN2503,John Townsend,161203,60,0,Low,0.36,Destinyview,16,Low Priority,45+
LN2504,Stephanie Diaz,105192,5,1,Low,0.66,Danielbury,41,Medium,0-15
LN2505,Diamond Johnson,52069,0,0,High,0.94,South Angelfurt,85,High Priority,0-15
LN2506,Victoria Ford,194588,30,0,Mid,0.81,Reyesmouth,58,Medium,16-30
LN2507,Charles Jensen,60088,60,1,Low,0.94,North Jamesborough,33,Low Priority,45+
LN2508,Kevin Walters,32818,45,0,Low,0.8,West Tiffanychester,44,Medium,31-45
LN2509,Ryan Rowe,65784,0,0,High,0.65,Port Jimmy,70,High Priority,0-15
LN2510,Kathleen Hall,143852,30,0,Low,0.5,Hurleytown,35,Medium,16-30
LN2511,Patrick Huber,72335,0,0,Mid,0.49,Whitakerview,54,Medium,0-15
LN2512,Sharon Hoffman MD,112264,0,0,Mid,0.9,Elliston,75,High Priority,0-15
LN2513,Lauren Anderson,27086,90,0,Low,0.4,Davisfurt,6,Low Priority,45+
LN2514,Aaron Smith MD,438241,30,0,Mid,0.88,Olsonstad,62,High Priority,16-30
LN2515,Bradley Castaneda,135981,15,2,High,0.3,Cherylshire,23,Low Priority,0-15
LN2516,Michael Farmer,422641,5,0,Low,0.33,Frankchester,36,Medium,0-15
LN2517,Sandra Smith,274174,45,1,Low,0.49,Brownfurt,16,Low Priority,31-45
LN2518,John Patrick,91309,60,0,Mid,0.98,West Donna,55,Medium,45+
LN2519,Angela Rodriguez,33450,60,1,Low,0.83,Port Madeline,28,Low Priority,45+
LN2520,Stephen King,387619,60,1,Mid,0.95,North Jessica,42,Medium,45+
LN2521,Hannah Bass,29967,0,2,High,0.68,Cunninghamshire,48,Medium,0-15
LN2522,Kirk Lee,239516,5,1,Mid,0.75,Brandonmouth,54,Medium,0-15
LN2523,Michael White MD,48261,30,0,Low,0.34,New Amyburgh,27,Low Priority,16-30
LN2524,Jennifer Mann,76176,15,0,Mid,0.65,Davisfort,56,Medium,0-15
LN2525,Daniel Fleming,438773,5,0,Mid,0.3,South Michael,43,Medium,0-15
LN2526,Rebecca Wolf,27310,15,1,Low,0.46,Sherryland,27,Low Priority,0-15
LN2527,Robin Bruce,229658,90,1,Low,0.94,South Kristy,21,Low Priority,45+
LN2528,Larry Vaughn,404755,0,1,Low,0.68,Holmesborough,44,Medium,0-15
LN2529,Candice Hopkins,254484,0,0,Mid,0.52,Hessburgh,56,Medium,0-15
LN2530,Joy Diaz,431421,90,1,Low,0.39,Aprilberg,0,Low Priority,45+
LN2531,Vincent Mata,128237,60,2,Mid,0.38,Carrmouth,1,Low Priority,45+
LN2532,Savannah Patterson,315657,30,0,Mid,0.68,West Christinamouth,52,Medium,16-30
LN2533,Nicholas Smith,70762,0,0,Low,0.39,West Kristaport,42,Medium,0-15
LN2534,Tom Mitchell,198002,0,0,High,0.88,Carlastad,82,High Priority,0-15
LN2535,Victoria Walker,42369,15,2,Low,0.86,South Laurenville,35,Medium,0-15
LN2536,Robert Vang,411413,0,2,Low,0.47,South Jeremiahport,22,Low Priority,0-15
LN2537,Kirsten Dunn,41605,0,2,Mid,0.62,Mariastad,37,Medium,0-15
LN2538,Erik Wilson,323113,5,1,Low,0.43,Lake Elizabeth,30,Low Priority,0-15
LN2539,Stephen Reid,316560,5,1,Low,0.54,New Jasminemouth,35,Medium,0-15
LN2540,Edward Simon,333454,0,0,Low,0.48,Chambersville,46,Medium,0-15
LN2541,Mark Smith,89672,0,0,Mid,0.91,Melvinshire,76,High Priority,0-15
LN2542,John Kane,91688,60,0,High,0.46,Wrightview,37,Medium,45+
LN2543,Antonio Johnson,138371,45,3,Mid,0.72,Clarkport,12,Low Priority,31-45
LN2544,Kelsey Estrada,258188,0,1,Mid,0.3,Kimberlyberg,33,Low Priority,0-15
LN2545,Kaitlyn Wilson,107794,30,0,Mid,0.71,New Brendaville,54,Medium,16-30
LN2546,Ashley Frey,239499,60,2,High,0.41,New Benjaminfurt,10,Low Priority,45+
LN2547,Margaret Young,230494,30,1,Low,0.75,Johnsonmouth,36,Medium,16-30
LN2548,Dustin Costa MD,442013,90,0,Mid,0.85,Lake James,36,Medium,45+
LN2549,Donna Conner,488224,0,0,High,0.51,Tranville,64,High Priority,0-15
LN2550,Tabitha Martin,437938,15,0,Low,0.86,Lake Melissachester,59,Medium,0-15
LN2551,Robert Fuller,93741,15,0,Mid,0.31,Rosechester,40,Medium,0-15
LN2552,Gina Butler,252366,30,1,Low,0.72,West William,34,Low Priority,16-30
LN2553,Deborah Carter,179815,15,0,Low,0.56,West Suzanneborough,44,Medium,0-15
LN2554,Matthew Murphy,295419,0,3,Low,0.86,New Juan,29,Low Priority,0-15
LN2555,Stephanie Wagner,225123,15,1,Mid,0.82,Teresahaven,53,Medium,0-15
LN2556,Olivia Stewart,183030,0,0,Mid,0.51,Fullermouth,56,Medium,0-15
LN2557,Jennifer Williams,496562,0,1,Mid,0.52,South Amandatown,44,Medium,0-15
LN2558,Bonnie Patterson,453448,120,0,Mid,0.62,North Jerry,13,Low Priority,45+
LN2559,Jennifer Valentine,361342,5,0,High,0.33,Penaland,52,Medium,0-15
LN2560,Bradley Odonnell,281413,0,3,Low,1.0,Taylorborough,36,Medium,0-15
LN2561,Stephanie Turner,320406,30,0,Low,0.32,Aarontown,26,Low Priority,16-30
LN2562,Brandi Moore,420905,60,0,Mid,0.94,Jenningsfurt,53,Medium,45+
LN2563,Adam David,369937,30,0,Mid,0.52,Port Adamfurt,44,Medium,16-30
LN2564,Lori Thompson,496910,0,1,Mid,0.94,Port Claudiaview,65,High Priority,0-15
LN2565,Stephen Pena,212828,15,1,Mid,0.36,Port Justinberg,30,Low Priority,0-15
LN2566,Howard Schneider,137408,0,0,Low,0.96,East Shawn,70,High Priority,0-15
LN2567,Richard Henry,340326,60,0,Mid,0.83,Brianberg,48,Medium,45+
LN2568,Audrey Long,337525,30,2,Mid,0.77,Pageport,32,Low Priority,16-30
LN2569,Kelly Green,289580,45,1,Mid,0.7,New Marissa,35,Medium,31-45
LN2570,Peter Barnes,89409,90,1,Mid,0.45,Nicoleborough,4,Low Priority,45+
LN2571,Dr. Richard Rocha,221068,0,0,Mid,0.47,Christopherbury,54,Medium,0-15
LN2572,James Gomez,63988,60,0,High,0.66,Durhamshire,47,Medium,45+
LN2573,Taylor Montes,82222,30,0,Mid,0.35,Moraview,36,Medium,16-30
LN2574,Dr. Taylor Lynch,189169,30,1,Mid,0.34,West Kathryn,23,Low Priority,16-30
LN2575,Monique Roberts,48343,0,1,Low,0.93,Richardsonfort,56,Medium,0-15
LN2576,Valerie Gillespie,456522,60,0,Mid,0.37,East Kimberly,24,Low Priority,45+
LN2577,Jessica Tucker,469049,90,1,Mid,0.58,Cindyville,11,Low Priority,45+
LN2578,Joshua Gonzales,467760,120,0,Low,0.64,New Manuelmouth,6,Low Priority,45+
LN2579,Robert Hart,424888,60,0,Low,0.65,Cynthiaport,30,Low Priority,45+
LN2580,Allison Romero,409913,60,0,Mid,0.83,Bradleytown,48,Medium,45+
LN2581,Christine Davis,355087,45,0,Low,0.84,Lake Brian,46,Medium,31-45
LN2582,Lisa Ortiz,324647,0,1,Mid,0.91,Patrickport,64,High Priority,0-15
LN2583,Jennifer Johnson,435333,0,2,Low,0.48,North Austin,22,Low Priority,0-15
LN2584,Joshua Stark,107238,45,0,High,0.93,West Kevin,66,High Priority,31-45
LN2585,Jonathan Duncan,410166,0,0,Low,0.73,Port Patrick,58,Medium,0-15
LN2586,Laurie Hampton,335594,0,0,Low,0.68,Conleyshire,56,Medium,0-15
LN2587,Victor Davis,44142,0,0,Low,0.93,Ryanhaven,68,High Priority,0-15
LN2588,Tiffany Garcia,52535,60,0,Mid,0.54,West Jenniferberg,33,Low Priority,45+
LN2589,Michael Fox,281674,0,0,Low,0.68,Turnerside,56,Medium,0-15
LN2590,Robert Bradley,247870,5,0,Mid,0.42,Lake Leechester,49,Medium,0-15
LN2591,Stephanie Howard,99064,5,1,High,0.38,Bradleyside,43,Medium,0-15
LN2592,Maria Griffin,331921,30,1,Low,0.64,Frankberg,30,Low Priority,16-30
LN2593,Reginald Perez,417518,0,1,High,0.94,Smithberg,73,High Priority,0-15
LN2594,Jonathan Ibarra,132945,60,1,Low,0.48,Middletonton,10,Low Priority,45+
LN2595,Sharon Merritt,361559,0,1,Mid,0.48,Port Laura,42,Medium,0-15
LN2596,Kristina Hughes,474725,45,0,Low,0.82,Alejandrafort,45,Medium,31-45
LN2597,Doris Hess,295236,0,0,Mid,0.55,West Gloriaborough,58,Medium,0-15
LN2598,Marco Marshall MD,163684,0,0,Low,0.32,North Jonathantown,38,Medium,0-15
LN2599,Tanya Thomas,348393,60,0,Low,0.83,Lake Williamport,40,Medium,45+
LN2600,Monica Harris,263950,30,0,Low,0.92,Hayesfurt,56,Medium,16-30
LN2601,Wayne Tran,149380,0,0,Mid,0.5,Griffithview,55,Medium,0-15
LN2602,Daniel Lee,281550,15,0,High,0.68,Karaview,66,High Priority,0-15
LN2603,Andrew Price,207840,15,0,High,0.41,Ramosberg,52,Medium,0-15
LN2604,Cody Vega,196443,5,3,High,0.74,Pottertown,37,Medium,0-15
LN2605,Jordan Herman,357261,0,2,Low,0.94,New Felicia,45,Medium,0-15
LN2606,Kelly Mcclure,485538,30,0,Mid,0.41,Lake Julieport,38,Medium,16-30
LN2607,Lauren Brooks,348873,15,0,Low,0.35,Eddiechester,34,Low Priority,0-15
LN2608,Brian Galloway,413852,90,1,Low,0.52,Lake Jill,0,Low Priority,45+
LN2609,Francis Brooks,397544,0,0,Mid,0.79,New Lauratown,70,High Priority,0-15
LN2610,Leslie Perry,93309,45,1,Mid,0.47,Brookeberg,24,Low Priority,31-45
LN2611,Debra Leon,357931,15,0,High,0.96,Hendersonfort,80,High Priority,0-15
LN2612,Stephanie Thomas,279252,0,3,Mid,0.95,Katherineview,42,Medium,0-15
LN2613,Christopher Kelley,485715,30,0,High,0.58,Wattsfurt,55,Medium,16-30
LN2614,Cynthia Hawkins,87381,5,0,Low,0.39,Port Jerry,40,Medium,0-15
LN2615,Lauren Garcia,283653,15,1,High,0.53,Lake Georgehaven,46,Medium,0-15
LN2616,Trevor Armstrong,390288,0,0,High,0.35,Daniellemouth,56,Medium,0-15
LN2617,Frank Ellis,351922,120,2,Low,0.91,Margaretfurt,0,Low Priority,45+
LN2618,Jacob Young,131095,0,1,Low,0.44,East Michelle,32,Low Priority,0-15
LN2619,David Mendez,185029,0,2,Mid,0.37,Heidifort,24,Low Priority,0-15
LN2620,Bryan Frazier,460698,30,1,Low,0.72,East Andrewhaven,34,Low Priority,16-30
LN2621,Laura Simmons,496984,0,0,Low,0.48,Lake Danielfort,46,Medium,0-15
LN2622,Bradley Chavez,384550,0,0,Low,0.99,Elizabethmouth,72,High Priority,0-15
LN2623,Donna Brown,254241,30,0,Low,0.98,Robertsonport,59,Medium,16-30
LN2624,Joshua Todd,37824,5,1,Low,0.43,Cynthiaview,30,Low Priority,0-15
LN2625,Jordan Ferguson,244749,15,0,Low,0.41,West Bobbychester,36,Medium,0-15
LN2626,Miguel Roman,81562,0,1,Low,0.74,Brucetown,47,Medium,0-15
LN2627,Hannah Hoffman,156971,15,0,Low,0.45,Melindashire,38,Medium,0-15
LN2628,Matthew Johnson,258755,15,0,Low,0.36,New Deannahaven,34,Low Priority,0-15
LN2629,Nicholas Willis,288227,5,0,High,0.64,Smithhaven,68,High Priority,0-15
LN2630,Russell Johnson,324465,60,0,Low,0.38,Rodriguezshire,17,Low Priority,45+
LN2631,Justin Anderson,205151,0,1,Low,0.59,Rhondaton,40,Medium,0-15
LN2632,Anthony Harrison,283218,15,0,Mid,0.34,Pattersonview,41,Medium,0-15
LN2633,Mary Glass,258569,30,0,Mid,0.44,North Amyport,40,Medium,16-30
LN2634,Sarah Valdez,212990,45,1,Mid,0.9,East Lisa,45,Medium,31-45
LN2635,Steven Hobbs,331896,0,0,Mid,0.35,Cardenasfort,48,Medium,0-15
LN2636,Krista Douglas,222509,45,3,Mid,0.89,Sergiotown,20,Low Priority,31-45
LN2637,Tiffany Collins,486152,0,1,Low,0.68,South Amanda,44,Medium,0-15
LN2638,Matthew Mcclure,81480,15,1,Mid,0.37,New Gregoryfort,30,Low Priority,0-15
LN2639,David Jones,333078,30,0,Low,0.48,Haynesberg,34,Low Priority,16-30
LN2640,Anthony Ryan,384464,45,1,Low,0.93,Lake Jason,38,Medium,31-45
LN2641,Laura Robinson,261504,5,1,Mid,0.73,Heathermouth,52,Medium,0-15
LN2642,Joseph Myers,177088,0,0,Low,0.31,Port Peterstad,38,Medium,0-15
LN2643,Mr. Mark Miller,232079,5,0,Mid,0.31,New Kerri,44,Medium,0-15
LN2644,Christopher Wilcox,414718,0,0,Low,0.81,South Shannonchester,62,High Priority,0-15
LN2645,Linda Hunter,40946,15,0,Mid,0.59,Carlsonland,54,Medium,0-15
LN2646,Chris Carr,305815,15,1,Low,0.58,Staceyton,33,Low Priority,0-15
LN2647,Nancy Rodriguez,259292,0,0,Low,0.72,South Joshuamouth,58,Medium,0-15
LN2648,Angel Thompson,363136,60,0,Mid,0.68,Jasonhaven,40,Medium,45+
LN2649,Richard James,53697,90,0,Mid,0.46,New Wanda,17,Low Priority,45+
LN2650,Martha Washington,293280,5,0,Mid,0.95,Meganborough,76,High Priority,0-15
LN2651,Justin Thornton,79155,0,0,High,0.84,Melindabury,80,High Priority,0-15
LN2652,Frank Morales,141937,45,0,Low,0.85,Piercetown,46,Medium,31-45
LN2653,Angel Johnson,481442,5,1,Mid,0.97,Carterstad,64,High Priority,0-15
LN2654,Peter Moreno,277777,5,1,Mid,0.68,North Richard,50,Medium,0-15
LN2655,Karen Greer,459948,5,0,Low,0.89,Jaimefort,64,High Priority,0-15
LN2656,David Becker,336309,15,1,Mid,0.85,West Justinton,54,Medium,0-15
LN2657,Patricia Garcia,120819,45,1,Low,0.91,Port Aaronfort,38,Medium,31-45
LN2658,Michael Dunn,253746,15,3,Low,0.33,West Lindsey,0,Low Priority,0-15
LN2659,Victoria Morrison,122488,0,1,Mid,0.96,Lindseyland,66,High Priority,0-15
LN2660,John Garza,417751,30,0,Mid,0.61,Kristaville,48,Medium,16-30
LN2661,Sean Mcdonald,164352,15,0,Mid,0.88,South Victor,68,High Priority,0-15
LN2662,Savannah Hernandez,47757,30,0,Mid,0.65,Port Jessica,50,Medium,16-30
LN2663,Catherine Davila,262955,5,1,Low,0.81,Dodsonton,48,Medium,0-15
LN2664,Christina White,302081,5,0,Low,0.82,Santoschester,61,High Priority,0-15
LN2665,Kendra Gonzales,251615,5,0,High,0.64,East Herbert,68,High Priority,0-15
LN2666,Christine Boyd,350810,30,1,Low,0.3,Port Timothychester,13,Low Priority,16-30
LN2667,Samantha Jones,200680,30,0,Low,0.46,Fernandezhaven,33,Low Priority,16-30
LN2668,Rita Cisneros,197788,15,0,Low,0.89,West Ryan,60,High Priority,0-15
LN2669,Sarah Hale MD,274394,60,3,High,0.87,Lucerochester,22,Low Priority,45+
LN2670,Brandi Rivas,184999,0,3,Low,0.77,South Ellenshire,24,Low Priority,0-15
LN2671,Phillip Berry,220017,45,0,High,0.89,Amberburgh,64,High Priority,31-45
LN2672,John Foster,475910,0,1,Low,0.45,Reevesview,32,Low Priority,0-15
LN2673,Mercedes Monroe,327946,0,2,High,0.63,Ashleyville,46,Medium,0-15
LN2674,Erica Dougherty,89519,5,0,Mid,0.98,East Heather,77,High Priority,0-15
LN2675,Paul Ali,214904,0,1,Low,0.81,Hesterfort,50,Medium,0-15
LN2676,Brittney Day,49048,30,0,Low,0.58,Victoriashire,39,Medium,16-30
LN2677,Laura Smith,31292,45,0,Mid,0.53,Port Sandra,38,Medium,31-45
LN2678,Stephanie Hernandez,349794,45,2,High,0.37,Susanfort,14,Low Priority,31-45
LN2679,Eddie Dennis,385500,0,0,Mid,0.53,Fernandezview,56,Medium,0-15
LN2680,Shawn Cross,304257,5,0,Mid,0.75,Port Warren,66,High Priority,0-15
LN2681,Lindsay Mcintyre,84373,0,0,Mid,0.35,North Thomasmouth,48,Medium,0-15
LN2682,Jasmine Rodriguez,401050,0,1,Mid,0.83,Williamsfurt,60,High Priority,0-15
LN2683,Nathan Thomas,91939,0,1,Low,0.89,Port Miguelberg,54,Medium,0-15
LN2684,Heather Jones,39159,45,0,Low,0.77,South Edwardburgh,42,Medium,31-45
LN2685,Darren Moyer,337330,30,1,High,0.54,Port Ryanburgh,41,Medium,16-30
LN2686,Bobby Hernandez,236351,15,2,Mid,0.66,Christopherland,33,Low Priority,0-15
LN2687,Amanda Harrison,302121,30,3,Low,0.34,East Lindsay,0,Low Priority,16-30
LN2688,Kevin Gordon,236194,0,0,Mid,0.82,Jacksonchester,71,High Priority,0-15
LN2689,Tracy Barron,438333,45,1,Low,0.51,Port Tiffany,18,Low Priority,31-45
LN2690,Shane Valdez,332768,15,1,Low,0.92,West Arielhaven,50,Medium,0-15
LN2691,Steven Cox,368302,0,0,High,0.93,North John,84,High Priority,0-15
LN2692,Erin Miller,24576,0,3,Mid,0.75,North Randall,32,Low Priority,0-15
LN2693,Justin Lee,299309,30,1,Low,0.3,Monicashire,13,Low Priority,16-30
LN2694,Jennifer Duffy,136189,15,1,Low,0.56,Grantmouth,32,Low Priority,0-15
LN2695,Joshua Graves,62299,0,0,Low,0.4,Jacksonview,42,Medium,0-15
LN2696,Dana Park,311909,60,0,High,0.69,Williamton,48,Medium,45+
LN2697,Ethan Yu,220722,0,0,Mid,0.95,New Amandachester,78,High Priority,0-15
LN2698,Henry Cross,447557,0,0,High,0.68,New Carlamouth,72,High Priority,0-15
LN2699,Melvin Johnson,363125,0,0,High,0.36,Ruthland,56,Medium,0-15
LN2700,Molly Campbell,280933,15,0,Mid,0.71,Sandrastad,60,High Priority,0-15
LN2701,Eric Lee,192055,30,0,Mid,0.51,Hernandezfort,44,Medium,16-30
LN2702,Tracy Paul,71999,5,0,Low,0.31,Mccormickland,36,Medium,0-15
LN2703,Anita Sims,160073,30,0,Mid,0.39,Leslieshire,38,Medium,16-30
LN2704,Nicholas Rich,292859,15,0,Mid,0.97,Herringfort,72,High Priority,0-15
LN2705,Alexander Mitchell,57905,60,0,Mid,0.36,Lake Joshuachester,24,Low Priority,45+
LN2706,Mrs. Lori Powell MD,267414,90,2,High,0.67,Yvettestad,12,Low Priority,45+
LN2707,Stephanie Bryant,402869,5,0,Mid,0.65,East Johnny,60,High Priority,0-15
LN2708,David Allen,129084,60,0,High,0.46,West Bryan,37,Medium,45+
LN2709,Stephanie Clark,40169,5,1,High,0.66,South Jamesstad,57,Medium,0-15
LN2710,Jonathan Sawyer,266337,30,0,Mid,0.5,Castilloland,43,Medium,16-30
LN2711,Gwendolyn Peters,248870,15,0,High,0.32,Port Chelsea,48,Medium,0-15
LN2712,Shelly Huerta,37152,5,0,High,0.72,Port Adam,72,High Priority,0-15
LN2713,Sharon Pierce,365395,0,0,High,0.78,North Valerieport,77,High Priority,0-15
LN2714,George Zuniga,256502,0,0,Low,0.99,South Johnathanbury,72,High Priority,0-15
LN2715,Elizabeth Cisneros,153964,5,0,High,0.47,Stevefort,60,High Priority,0-15
LN2716,Matthew Rubio,486961,0,0,Low,0.34,South Melvinbury,39,Medium,0-15
LN2717,Daniel Reilly,25947,15,0,Low,0.71,South Susanchester,52,Medium,0-15
LN2718,Morgan Heath,471457,90,2,Mid,0.55,West Caleb,0,Low Priority,45+
LN2719,Connie Alexander,206256,15,1,Mid,0.9,West Brianview,57,Medium,0-15
LN2720,Erin Rangel,95851,90,0,Mid,0.37,South Cassandrachester,12,Low Priority,45+
LN2721,Destiny Cox,147135,0,1,Low,0.67,Markside,44,Medium,0-15
LN2722,Kimberly Clark,76494,15,1,Mid,0.57,Lake Brianna,40,Medium,0-15
LN2723,Jack Baker,365805,5,0,Mid,0.39,South Rachel,48,Medium,0-15
LN2724,Tara Wood,286167,45,1,High,0.65,Sandrachester,40,Medium,31-45
LN2725,Joseph Norman,249766,60,0,Mid,0.48,South Soniaberg,30,Low Priority,45+
LN2726,Julie Fernandez,39515,0,0,Mid,0.59,Teresatown,60,High Priority,0-15
LN2727,Randall Henderson,129388,30,2,Mid,0.5,Sarahbury,19,Low Priority,16-30
LN2728,John Palmer,495881,0,1,Low,0.98,Stonemouth,59,Medium,0-15
LN2729,Melanie Gordon,27025,5,0,Low,0.89,Wolfetown,64,High Priority,0-15
LN2730,Victoria Kidd,71690,30,0,Mid,0.91,East Maryshire,64,High Priority,16-30
LN2731,Shelby Solis,305916,30,0,Mid,0.33,Davisstad,34,Low Priority,16-30
LN2732,George Price,417477,30,0,Mid,0.69,East Chelseaport,52,Medium,16-30
LN2733,Michael Brown,92908,45,0,Low,0.52,Norrisfort,30,Low Priority,31-45
LN2734,Hannah Thomas,57743,15,1,Low,0.35,Michellemouth,22,Low Priority,0-15
LN2735,Donald Long,107212,15,1,Mid,0.64,New Tonyborough,44,Medium,0-15
LN2736,Ashley Taylor,42414,5,0,Low,0.85,Danielborough,62,High Priority,0-15
LN2737,Jacob Price,383478,45,0,High,0.39,Hawkinston,40,Medium,31-45
LN2738,Grant Lopez,226232,45,0,High,0.77,New Raymond,58,Medium,31-45
LN2739,Summer Gardner,104106,15,0,Low,0.47,Anitaburgh,40,Medium,0-15
LN2740,Pamela Williams,196540,5,0,Mid,0.38,Port Waynechester,47,Medium,0-15
LN2741,Cynthia Chandler DDS,394598,30,0,Low,0.96,South Albertfurt,58,Medium,16-30
LN2742,Becky Valentine,218691,30,0,Mid,0.37,Colemanburgh,36,Medium,16-30
LN2743,Christopher Carpenter,471027,45,1,Mid,0.54,New Cynthiamouth,27,Low Priority,31-45
LN2744,Cathy Miller,266661,5,0,Low,1.0,North Susan,70,High Priority,0-15
LN2745,Jonathan Stanley,228590,15,0,Mid,0.93,Port Rhonda,70,High Priority,0-15
LN2746,Michael Meyers,457680,0,2,High,0.99,Bernardtown,64,High Priority,0-15
LN2747,Ronald Roberts,401897,90,0,High,0.34,North Jasonborough,19,Low Priority,45+
LN2748,James Kennedy,486382,30,1,High,0.94,Port Amberbury,61,High Priority,16-30
LN2749,Joel Long,220798,45,0,Low,0.92,Codyborough,50,Medium,31-45
LN2750,Randy Ortega,82999,0,0,Mid,0.32,Jeffreymouth,46,Medium,0-15
LN2751,Mason Horne,442397,0,0,High,0.99,Josephburgh,88,High Priority,0-15
LN2752,William Pearson,383634,0,0,Low,0.94,South Megan,69,High Priority,0-15
LN2753,Sonya Hensley,397392,60,1,Mid,0.8,Brianside,34,Low Priority,45+
LN2754,Samantha Dorsey,116382,30,1,Mid,0.52,North Juliemouth,32,Low Priority,16-30
LN2755,Brandon Hunt,114527,45,1,Mid,0.85,Cameronton,42,Medium,31-45
LN2756,Diane Murray,103038,30,0,Low,0.52,Billystad,36,Medium,16-30
LN2757,John White,470472,90,1,Low,0.5,North Virginia,0,Low Priority,45+
LN2758,Lawrence Torres,477201,0,1,Mid,0.37,East Dorothyville,36,Medium,0-15
LN2759,Ashley Aguilar,393913,0,0,Low,0.87,North Karenmouth,66,High Priority,0-15
LN2760,Brooke Rodriguez,280609,30,0,High,0.61,South Annaborough,56,Medium,16-30
LN2761,Erik Adams,433324,5,0,Mid,0.51,Wardview,54,Medium,0-15
LN2762,Elizabeth Calderon,194981,30,0,High,0.65,Danielsshire,58,Medium,16-30
LN2763,Brian Wells,70818,5,0,Mid,0.82,Hudsonland,69,High Priority,0-15
LN2764,Robert Sullivan,304833,45,0,Mid,0.86,Jenniferstad,55,Medium,31-45
LN2765,Luis Hayes,380447,30,0,Mid,0.91,North Leeburgh,64,High Priority,16-30
LN2766,Paige Henderson,241716,0,0,High,0.54,East Brandon,65,High Priority,0-15
LN2767,Justin Brown,118315,0,0,High,0.92,North Javier,84,High Priority,0-15
LN2768,Marissa Adams,412690,15,0,Mid,0.32,Port Michaelhaven,40,Medium,0-15
LN2769,Eric Aguirre,361447,30,0,Low,0.79,Elizabethbury,50,Medium,16-30
LN2770,Kyle Wilson,95582,30,1,Low,0.54,Lake Teresabury,25,Low Priority,16-30
LN2771,Kyle Sweeney,488163,30,0,High,0.39,West Amanda,46,Medium,16-30
LN2772,Jeanne Collins,216221,5,2,Low,0.31,South Lisa,12,Low Priority,0-15
LN2773,Melissa Hernandez,226598,5,0,Mid,0.6,South Carrie,58,Medium,0-15
LN2774,Howard Freeman,243009,30,0,Low,0.5,East Lynn,35,Medium,16-30
LN2775,Mr. Dalton Coleman,475353,30,0,Low,0.64,New Karenchester,42,Medium,16-30
LN2776,Cassandra Ward,283894,5,1,Mid,0.93,East Dustin,62,High Priority,0-15
LN2777,Allison Williamson,310595,30,3,Mid,0.34,Lake Alexander,0,Low Priority,16-30
LN2778,Katherine Alexander,406115,0,0,Low,0.69,Port Regina,56,Medium,0-15
LN2779,Melissa Cruz,409529,15,2,Low,0.43,South Samantha,14,Low Priority,0-15
LN2780,Katherine Archer,368413,0,0,High,0.83,Port Matthewstad,80,High Priority,0-15
LN2781,Maria Webb,224120,0,1,Mid,0.44,Danielhaven,40,Medium,0-15
LN2782,Janet Gonzalez MD,352793,0,1,Mid,0.39,Calvinmouth,38,Medium,0-15
LN2783,Gary Singh,475605,90,1,Mid,0.5,Anthonyborough,7,Low Priority,45+
LN2784,Amy Patel,122566,5,1,Mid,0.86,South Heather,59,Medium,0-15
LN2785,Jane Kelly,375734,30,0,Mid,0.5,North Christopher,43,Medium,16-30
LN2786,Jennifer Anderson,299965,0,2,High,0.46,Port Brianberg,37,Medium,0-15
LN2787,Jesse Morse,241576,15,0,Mid,0.85,Jenniferhaven,66,High Priority,0-15
LN2788,Gabriel Wiley,274084,5,1,Mid,0.58,Karenmouth,45,Medium,0-15
LN2789,William Carter,41711,0,1,Mid,0.56,Maldonadoland,46,Medium,0-15
LN2790,Lisa Boyer,78480,30,0,Low,0.85,South Jonathan,52,Medium,16-30
LN2791,Jorge Green,340878,0,0,High,0.37,East Troybury,56,Medium,0-15
LN2792,Richard Baker,138319,0,1,Mid,0.91,East Katrinabury,64,High Priority,0-15
LN2793,Michael Smith,434277,5,1,High,0.39,Port Davidmouth,44,Medium,0-15
LN2794,Kristina Irwin,440958,30,2,Low,0.31,Meredithfurt,2,Low Priority,16-30
LN2795,Kristin Kennedy,194942,30,0,Low,0.87,West Brittanymouth,54,Medium,16-30
LN2796,Kristi Alvarez,322865,0,0,Mid,0.94,Port Joshua,77,High Priority,0-15
LN2797,Brian Greene,409760,0,1,Low,0.37,Georgeland,28,Low Priority,0-15
LN2798,David Cook,339158,0,0,Low,0.54,East Janeburgh,49,Medium,0-15
LN2799,Janet Allison,103211,0,0,High,0.66,Jennifermouth,71,High Priority,0-15
LN2800,Steven Buck,329257,0,0,Mid,0.38,Johnville,49,Medium,0-15
LN2801,Jose Garcia,111865,5,0,Mid,0.5,Petersonbury,53,Medium,0-15
LN2802,Patty Perez,240375,15,1,Low,0.95,North Claire,52,Medium,0-15
LN2803,Patrick Dawson,365252,5,1,Low,0.39,Cooketon,28,Low Priority,0-15
LN2804,Jacob Ortega,298846,15,2,High,0.99,New Christine,58,Medium,0-15
LN2805,Sherry Murphy,166511,0,0,Low,0.65,Jonesfurt,54,Medium,0-15
LN2806,Tony Marshall,389775,30,3,Mid,0.95,Lake Tiffany,30,Low Priority,16-30
LN2807,James Valdez,473116,0,0,High,0.54,Port Michaelstad,65,High Priority,0-15
LN2808,Lisa Jones,225538,15,3,Mid,0.6,Heatherside,18,Low Priority,0-15
LN2809,Dustin Bernard,492243,0,0,Mid,0.71,Taramouth,66,High Priority,0-15
LN2810,Amy Payne,88447,15,1,Mid,0.74,North Allisonborough,49,Medium,0-15
LN2811,Gabrielle Moore,321841,0,0,Mid,0.81,Port Joanne,70,High Priority,0-15
LN2812,Amy Clarke,82781,5,1,Low,0.71,Ballardshire,44,Medium,0-15
LN2813,Steven Jimenez,45378,45,2,High,0.31,Matthewshaven,12,Low Priority,31-45
LN2814,Ethan Rich,280339,0,3,Low,0.43,North Jasonmouth,8,Low Priority,0-15
LN2815,Roy Wright,111782,30,1,Low,0.43,West Gerald,20,Low Priority,16-30
LN2816,James Jones,461913,60,0,Low,0.72,South Anthonymouth,34,Low Priority,45+
LN2817,David Barber,301035,5,1,Mid,0.54,North Christopher,43,Medium,0-15
LN2818,Melissa Stanley,244589,15,0,High,0.75,North Ian,70,High Priority,0-15
LN2819,Deborah Knight,421737,15,0,Low,0.32,Melissatown,32,Low Priority,0-15
LN2820,Brian Rice,483788,0,0,Mid,0.87,South Bryan,74,High Priority,0-15
LN2821,Dylan Clark,429074,45,0,Low,0.35,Williamsbury,22,Low Priority,31-45
LN2822,Jonathan Morgan,91934,5,0,Mid,0.37,Obrienview,46,Medium,0-15
LN2823,Robert Chen,20036,45,1,Mid,0.75,West Alexbury,38,Medium,31-45
LN2824,Kelly Edwards,93601,0,0,Mid,0.66,Denisefurt,63,High Priority,0-15
LN2825,Annette Mckenzie,141173,0,0,Low,0.43,Port Laurenville,44,Medium,0-15
LN2826,Virginia Johnson,455986,45,1,Mid,0.99,West Adamburgh,50,Medium,31-45
LN2827,Eric Dickerson,294073,0,1,Low,0.51,Thompsonville,36,Medium,0-15
LN2828,Jason Haney,229496,30,2,Mid,0.39,North Gabrielberg,14,Low Priority,16-30
LN2829,Kimberly Medina DVM,253853,5,0,Mid,0.45,Melendezshire,50,Medium,0-15
LN2830,Jacqueline Lee,179156,0,2,High,0.63,South Jeffhaven,46,Medium,0-15
LN2831,Larry Richardson,473181,0,0,Low,0.7,Nancyshire,57,Medium,0-15
LN2832,Travis Baker,385244,15,2,Mid,0.62,Lake Timothyview,31,Low Priority,0-15
LN2833,Cynthia Allen,181848,15,0,Low,0.32,Lake Laurahaven,32,Low Priority,0-15
LN2834,Kimberly Gonzalez,434425,90,1,High,0.32,Leeside,6,Low Priority,45+
LN2835,James Hopkins,389478,0,0,High,0.88,Ashleyburgh,82,High Priority,0-15
LN2836,Robert Silva,363625,15,0,Low,0.5,Lake Debbie,41,Medium,0-15
LN2837,David Alvarez,437972,15,0,High,0.89,Port Jason,76,High Priority,0-15
LN2838,Mark Jennings,345007,0,0,Mid,0.83,Christopherport,72,High Priority,0-15
LN2839,Samuel Thomas,306885,90,2,Mid,0.34,South Lindaport,0,Low Priority,45+
LN2840,Christopher Herring,477948,5,0,Mid,0.71,South Jenniferborough,64,High Priority,0-15
LN2841,Dana Bryant,327357,0,0,Mid,0.41,South Derrick,50,Medium,0-15
LN2842,Catherine Ortiz,489234,15,0,Mid,0.9,West William,69,High Priority,0-15
LN2843,Brooke Bean,41213,15,1,Mid,0.5,Marciaview,37,Medium,0-15
LN2844,John Chung,168843,0,1,Low,0.97,East John,58,Medium,0-15
LN2845,Michael Oconnell,391427,0,0,Mid,0.55,South Natalie,58,Medium,0-15
LN2846,John Reed,308988,60,3,Mid,0.95,Lindsayton,18,Low Priority,45+
LN2847,Bryan Tanner DDS,367692,45,0,High,0.9,Garyberg,65,High Priority,31-45
LN2848,Kenneth Johnson,459844,0,0,Low,0.61,South Steveton,52,Medium,0-15
LN2849,Katelyn Mills,266514,120,1,Mid,0.97,Williamsonmouth,18,Low Priority,45+
LN2850,Tiffany Medina,144926,45,0,Mid,0.4,New Gregorymouth,32,Low Priority,31-45
LN2851,Adam Ellis,240868,15,1,High,0.59,Robinsonchester,50,Medium,0-15
LN2852,Catherine Owens,294915,0,1,Low,0.91,South Karenbury,56,Medium,0-15
LN2853,Leah Gonzales,475884,0,0,Low,0.9,Lake Brandon,67,High Priority,0-15
LN2854,Christopher Chavez,337399,5,0,Low,0.81,New William,60,High Priority,0-15
LN2855,Eric Fry,310515,5,0,Low,0.76,Grahamtown,58,Medium,0-15
LN2856,Kristen Wolfe,360760,0,0,Low,0.99,East Richard,72,High Priority,0-15
LN2857,Mark Roth,173775,0,1,Mid,0.38,West Christinamouth,37,Medium,0-15
LN2858,Amy Murphy,420626,5,2,Low,0.75,North Patriciaburgh,34,Low Priority,0-15
LN2859,Ian Macdonald,114626,45,0,Mid,0.78,Matthewborough,51,Medium,31-45
LN2860,James Simpson,448583,0,1,High,0.48,West Elizabethtown,50,Medium,0-15
LN2861,Matthew Martin,61190,5,1,High,0.37,Lake Charlesside,42,Medium,0-15
LN2862,Dawn Barrett,399179,0,0,Low,0.91,Leroyburgh,68,High Priority,0-15
LN2863,Matthew Fernandez,351356,30,0,Mid,0.41,Troystad,38,Medium,16-30
LN2864,Jennifer Spencer,430140,0,0,High,0.95,East Amy,86,High Priority,0-15
LN2865,Angela Estes,43052,0,0,Mid,0.31,Rhondaland,46,Medium,0-15
LN2866,Christopher Carter,231321,0,1,Low,0.63,East Richard,42,Medium,0-15
LN2867,Krista Martinez,456700,60,0,Low,0.6,West Cassidyburgh,28,Low Priority,45+
LN2868,Jesus Miller,82112,0,0,Mid,0.52,Gregoryview,56,Medium,0-15
LN2869,John Pearson,486383,90,0,Mid,0.3,South William,9,Low Priority,45+
LN2870,Nathan Hernandez,255067,60,0,Low,0.76,Davisfort,36,Medium,45+
LN2871,Spencer Mccarty,350679,60,0,Low,0.59,West Jeremiahfurt,28,Low Priority,45+
LN2872,David Garza,371057,0,0,Low,0.64,West Thomasland,54,Medium,0-15
LN2873,Brett Smith,106134,0,0,Mid,0.32,New Ashley,46,Medium,0-15
LN2874,Robert Smith,111080,15,0,Mid,0.98,Rodgersport,73,High Priority,0-15
LN2875,Mr. Christopher Harrison,274606,0,0,Mid,0.68,East Benjamin,64,High Priority,0-15
LN2876,John Stephens,204750,0,0,High,0.81,South Allisonmouth,78,High Priority,0-15
LN2877,Shannon Garcia,330112,15,1,High,0.76,North Johnville,58,Medium,0-15
LN2878,Natalie Kramer,473638,5,1,High,0.89,Mariamouth,68,High Priority,0-15
LN2879,Melissa White,189180,0,2,Low,0.75,Lake Alexander,36,Medium,0-15
LN2880,Lawrence Chen,486196,0,3,Mid,0.55,South Bethton,22,Low Priority,0-15
LN2881,Ryan Barron,273978,0,1,Mid,0.98,Port Steventon,67,High Priority,0-15
LN2882,Nichole Kane,42072,60,0,Mid,0.94,West Patrick,53,Medium,45+
LN2883,Sandra Fowler,50916,5,0,High,0.61,East David,66,High Priority,0-15
LN2884,Ashley Warren,131581,0,0,High,0.35,New Scottland,56,Medium,0-15
LN2885,Veronica Collins,305428,0,0,Low,0.49,North Sharon,46,Medium,0-15
LN2886,Karen White,494706,5,0,Low,0.86,Morrismouth,63,High Priority,0-15
LN2887,James Yates,353110,60,1,Mid,0.77,Huffville,32,Low Priority,45+
LN2888,Melissa Kelley,299250,0,1,Mid,0.76,West Kellyfort,56,Medium,0-15
LN2889,Louis Perry,29004,15,0,Low,0.66,Muellerstad,49,Medium,0-15
LN2890,Cindy Hunter,491426,0,0,Mid,0.88,New Scottchester,74,High Priority,0-15
LN2891,Jacob Watkins,30567,15,0,Mid,0.47,Morganhaven,48,Medium,0-15
LN2892,Larry Thompson,151401,60,0,High,1.0,New Debraton,64,High Priority,45+
LN2893,John French,75609,60,0,High,0.83,Jonathanshire,56,Medium,45+
LN2894,Jennifer Roberts,47676,0,0,High,0.43,Smithstad,60,High Priority,0-15
LN2895,Jonathan Johnson Jr.,476120,120,1,High,0.86,South Wayne,21,Low Priority,45+
LN2896,Andrew Zimmerman,29304,60,0,Mid,0.77,Crawfordberg,44,Medium,45+
LN2897,Erin Baker,269109,60,0,High,0.87,Lake Kylemouth,58,Medium,45+
LN2898,Mike White,195231,45,0,Mid,0.72,Belindaside,48,Medium,31-45
LN2899,Bobby Patterson,61722,5,0,Mid,0.69,North Jameshaven,62,High Priority,0-15
LN2900,Chad Barnes,282128,5,0,Low,0.8,Matthewton,60,High Priority,0-15
LN2901,Terri Baker,251572,0,0,Low,0.71,West Tanya,58,Medium,0-15
LN2902,Karen Coleman,34497,5,0,High,0.58,South Robert,65,High Priority,0-15
LN2903,Parker Stone,351529,60,0,Mid,0.32,Port Troy,22,Low Priority,45+
LN2904,Lisa Hernandez,241171,90,3,Low,0.42,South Colleen,0,Low Priority,45+
LN2905,Tina Lee,354934,0,1,High,0.4,Sarahhaven,46,Medium,0-15
LN2906,Katelyn Brown,410659,15,0,Low,0.65,Riosmouth,48,Medium,0-15
LN2907,Kimberly Serrano,314418,30,0,Low,0.31,Bautistafurt,26,Low Priority,16-30
LN2908,Daniel Williams,241516,120,2,Low,0.78,Billyburgh,0,Low Priority,45+
LN2909,Bryce Torres,399346,5,0,Low,0.43,Coxborough,42,Medium,0-15
LN2910,Jennifer Hernandez,195403,0,1,Low,0.51,North Peterberg,36,Medium,0-15
LN2911,Anthony Mullins,297845,30,3,Mid,0.63,Lake Lisa,14,Low Priority,16-30
LN2912,Seth Smith,180482,15,0,Mid,0.85,Michelleview,66,High Priority,0-15
LN2913,Catherine Lynch,344064,0,0,Mid,0.65,West Marieshire,62,High Priority,0-15
LN2914,Keith Simon,223485,0,1,Mid,0.8,Matthewtown,58,Medium,0-15
LN2915,Sabrina Griffin,217167,5,2,High,0.67,South Edward,46,Medium,0-15
LN2916,Jennifer Jones,446492,0,2,High,0.78,Michelleshire,53,Medium,0-15
LN2917,Nicole Williamson,342433,0,0,High,0.81,Loribury,78,High Priority,0-15
LN2918,Erika Reynolds,30360,30,0,Mid,0.6,East Christine,48,Medium,16-30
LN2919,Kyle Reid,53370,30,0,Mid,0.57,Jessicashire,46,Medium,16-30
LN2920,Sean Garcia,113254,15,0,Low,0.6,East Matthewborough,46,Medium,0-15
LN2921,Joseph Owens,354446,15,0,Mid,0.34,Cortezshire,41,Medium,0-15
LN2922,Lisa Gallagher,307858,0,1,Mid,0.64,New Courtneytown,50,Medium,0-15
LN2923,Steven Powell,219416,0,1,Low,0.48,Port Rebekahstad,34,Low Priority,0-15
LN2924,Louis Kelly,493421,45,0,Low,0.57,Dayberg,32,Low Priority,31-45
LN2925,William Terrell,475358,0,0,Low,0.77,South Patriciahaven,60,High Priority,0-15
LN2926,Nathaniel Nguyen,393083,0,0,Mid,0.35,Benderfort,48,Medium,0-15
LN2927,Craig Strong,245956,0,0,Low,0.48,Jenkinsfort,46,Medium,0-15
LN2928,Joseph Chapman,288774,15,0,Mid,0.79,Josephton,64,High Priority,0-15
LN2929,William Espinoza,248495,90,0,Mid,0.54,East Brent,21,Low Priority,45+
LN2930,Timothy Lawson,84361,45,0,Low,0.61,New Sydney,34,Low Priority,31-45
LN2931,Charles Stewart,37198,15,0,Mid,0.36,Martinezfurt,42,Medium,0-15
LN2932,Brandi Craig,405887,5,3,Mid,0.74,Garnerhaven,29,Low Priority,0-15
LN2933,David Harding,291615,5,0,Low,0.65,Conniemouth,52,Medium,0-15
LN2934,Beth Petty,365600,0,1,Mid,0.54,East Teresa,45,Medium,0-15
LN2935,Natalie Wright DDS,270470,120,1,High,0.59,West Danielleview,8,Low Priority,45+
LN2936,Marvin Larson,186020,15,0,Mid,0.72,West Elizabeth,60,High Priority,0-15
LN2937,David Smith,217190,45,0,Mid,0.8,Bethanyhaven,52,Medium,31-45
LN2938,Kyle Wagner,23060,45,0,Mid,0.47,East Brian,36,Medium,31-45
LN2939,Maria Johnson,46325,5,3,Mid,0.4,Lake Shannon,12,Low Priority,0-15
LN2940,Patricia Kramer,315759,30,0,Low,0.48,Bowmanchester,34,Low Priority,16-30
LN2941,Austin Reeves,133535,0,1,Low,0.85,North Alan,52,Medium,0-15
LN2942,Brian Stein,63372,0,0,Mid,0.94,Lake Susan,77,High Priority,0-15
LN2943,Melanie Salazar,390480,5,0,Mid,0.31,Bryantshire,44,Medium,0-15
LN2944,Janet Hill,129249,0,1,High,0.76,Andrewmouth,64,High Priority,0-15
LN2945,Hannah Russell,296600,30,0,Mid,0.65,Englishburgh,50,Medium,16-30
LN2946,Dwayne Elliott,31920,30,0,Low,0.45,Lake William,32,Low Priority,16-30
LN2947,Sarah Pearson,181298,30,0,Mid,0.47,Lake Richardmouth,42,Medium,16-30
LN2948,Charlene Miller,221447,45,1,Mid,0.88,New Louis,44,Medium,31-45
LN2949,Kevin Dixon,119143,15,1,Low,0.94,Lake Brianfort,51,Medium,0-15
LN2950,Lori Rivera,293740,0,0,High,0.69,Chapmanburgh,72,High Priority,0-15
LN2951,Derrick Lewis,94442,0,0,Low,0.45,Brandonbury,44,Medium,0-15
LN2952,Thomas Rivera,186000,90,2,High,0.68,Rhodestown,12,Low Priority,45+
LN2953,Lucas Richardson,63563,30,1,Mid,0.52,New Alexander,32,Low Priority,16-30
LN2954,Jennifer Jacobson,254295,0,0,Low,0.89,New Adrienneville,66,High Priority,0-15
LN2955,Gregory White,445963,0,0,Low,0.71,Josemouth,58,Medium,0-15
LN2956,Matthew Bartlett,107638,15,0,Low,0.54,New Rachelborough,43,Medium,0-15
LN2957,Kenneth Williams,36259,45,1,Mid,0.75,New Michellebury,38,Medium,31-45
LN2958,Patrick Hayes,274599,0,0,Mid,0.44,Sherryfurt,52,Medium,0-15
LN2959,Christie Hoffman,96215,60,0,Low,0.64,South Timothytown,30,Low Priority,45+
LN2960,Shawn Colon,203000,90,1,Mid,0.38,Ryanton,1,Low Priority,45+
LN2961,Eric Thompson,206968,0,1,High,0.41,East Joy,46,Medium,0-15
LN2962,Kim Wagner,421392,0,0,High,0.55,Marcushaven,66,High Priority,0-15
LN2963,Gabrielle Rosario,75786,5,0,Low,0.77,Rossshire,58,Medium,0-15
LN2964,Connie Smith,321951,0,1,Low,0.78,South Stevenmouth,49,Medium,0-15
LN2965,Scott Hill,27904,5,0,Low,0.9,Hullstad,65,High Priority,0-15
LN2966,Joseph Oliver,285237,45,0,Low,0.88,Jacksonville,48,Medium,31-45
LN2967,Adam Smith,113708,0,0,Low,0.88,Moniqueview,66,High Priority,0-15
LN2968,Randy Barker,342839,45,1,High,0.32,New Anitaside,24,Low Priority,31-45
LN2969,Daniel Hopkins,413813,60,1,High,0.49,West Kimberly,26,Low Priority,45+
LN2970,Maria Cohen,418046,30,1,High,0.84,Davenportstad,56,Medium,16-30
LN2971,Patricia Mullen,218768,15,1,Mid,0.35,Lake Julie,30,Low Priority,0-15
LN2972,Dr. Morgan Ellison,340067,15,0,Low,0.6,South Christinestad,46,Medium,0-15
LN2973,Jared Douglas,25608,30,1,Mid,0.56,Mullenton,34,Low Priority,16-30
LN2974,Shannon Smith,358092,45,1,Mid,0.69,Paulport,34,Low Priority,31-45
LN2975,Nathaniel Moore Jr.,179487,5,1,High,0.78,Davidview,63,High Priority,0-15
LN2976,Brenda Huynh,60308,15,0,Low,0.54,Robinview,43,Medium,0-15
LN2977,John Bates,43382,30,0,High,0.85,East Patricia,68,High Priority,16-30
LN2978,Lauren Robbins,133831,0,2,High,0.67,West Sarahview,48,Medium,0-15
LN2979,Joanna Vasquez,263772,30,2,Mid,0.67,South Rebeccabury,28,Low Priority,16-30
LN2980,Joseph Baker,397336,15,0,Mid,0.5,Port Edwardport,49,Medium,0-15
LN2981,Janice Wells,82157,15,1,High,0.36,North Ericburgh,38,Medium,0-15
LN2982,Michael Rogers,431077,0,1,Low,0.76,Nicholaston,48,Medium,0-15
LN2983,Charles Sullivan,435794,45,0,Mid,0.37,Port Jenniferview,30,Low Priority,31-45
LN2984,Lisa Jones,86266,5,0,Low,1.0,Masonstad,70,High Priority,0-15
LN2985,Justin Ross,100636,0,0,Low,0.69,Richardland,56,Medium,0-15
LN2986,Debra Foster,64348,15,1,Low,0.89,Johnview,48,Medium,0-15
LN2987,Walter Perez,20908,30,3,Low,0.6,Anthonyport,4,Low Priority,16-30
LN2988,Lauren Yang,131889,0,0,Low,0.58,Lake Ryan,51,Medium,0-15
LN2989,Kathy Gray,152957,5,3,High,0.52,Webermouth,26,Low Priority,0-15
LN2990,Dennis Hart,113034,0,0,Mid,0.97,North Alan,78,High Priority,0-15
LN2991,Kayla Humphrey,470399,0,0,Low,0.95,Jessicaville,70,High Priority,0-15
LN2992,Steven Murray,41556,45,1,Mid,0.42,Medinaton,21,Low Priority,31-45
LN2993,Robert Walker DDS,433509,0,0,Low,0.39,Trujillofurt,42,Medium,0-15
LN2994,Kristin Bullock,418810,15,0,Mid,0.89,Victoriafurt,68,High Priority,0-15
LN2995,Courtney Hayden,292673,45,1,Mid,0.44,Bradleyberg,22,Low Priority,31-45
LN2996,Thomas Hill,360822,30,1,Mid,0.61,East Darren,36,Medium,16-30
LN2997,Danielle Nguyen,455180,0,0,High,0.46,New Jose,61,High Priority,0-15
LN2998,Daniel Payne,441396,5,0,Low,0.72,Lewisberg,56,Medium,0-15
LN2999,Aaron Wallace,202631,15,2,Low,0.36,Lake Victoria,10,Low Priority,0-15
